id,appId,description,title,icon,url,developer,developerUrl,developerId,genres,genreIds,released
1374403536,,,BitLife - Life Simulator,https://is3-ssl.mzstatic.com/image/thumb/Purple118/v4/96/03/a9/9603a96a-c183-c42e-39f3-21059100c7c2/AppIcon-a16-0-1x_U007emarketing-0-85-220-6.png/200x200bb.png,https://itunes.apple.com/us/app/bitlife-life-simulator/id1374403536?mt=8,"Candywriter, LLC",https://itunes.apple.com/us/developer/candywriter-llc/id284954685?mt=8,284954685,"[""Games"",""Simulation"",""Strategy""]","[""6014"",""7015"",""7017""]",9/30/2018
1350301428,,,ZEPETO,https://is2-ssl.mzstatic.com/image/thumb/Purple118/v4/9d/5d/13/9d5d130b-5b64-fc71-a62b-7c685a30ee7f/AppIcon-0-1x_U007emarketing-0-85-220-0-5.png/200x200bb.png,https://itunes.apple.com/us/app/zepeto/id1350301428?mt=8,SNOW Corporation,https://itunes.apple.com/us/developer/snow-corporation/id1342976735?mt=8,1342976735,"[""Social Networking"",""Entertainment""]","[""6005"",""6016""]",3/1/2018
1437370468,,,Fire Balls 3D,https://is4-ssl.mzstatic.com/image/thumb/Purple128/v4/40/5c/43/405c432d-c628-d586-32ac-cb1a4c9456c1/AppIcon-0-1x_U007emarketing-0-85-220-0-7.png/200x200bb.png,https://itunes.apple.com/us/app/fire-balls-3d/id1437370468?mt=8,Voodoo,https://itunes.apple.com/us/developer/voodoo/id714804730?mt=8,714804730,"[""Games"",""Arcade"",""Action""]","[""6014"",""7003"",""7001""]",9/27/2018
1252850847,,,NBA 2K Mobile Basketball,https://is3-ssl.mzstatic.com/image/thumb/Purple118/v4/62/10/61/621061a1-6c7d-9099-9da6-6ffa2aa43e9f/AppIcon-0-1x_U007emarketing-0-0-GLES2_U002c0-512MB-sRGB-0-0-0-85-220-0-0-0-7.png/200x200bb.png,https://itunes.apple.com/us/app/nba-2k-mobile-basketball/id1252850847?mt=8,2K,https://itunes.apple.com/us/developer/2k/id324563547?mt=8,324563547,"[""Games"",""Sports"",""Sports"",""Action""]","[""6014"",""6004"",""7016"",""7001""]",11/19/2018
544007664,,,"YouTube: Watch, Listen, Stream",https://is5-ssl.mzstatic.com/image/thumb/Purple118/v4/e9/91/b8/e991b8ff-5015-fcf3-69e9-b217f6408511/AppIcon-1x_U007emarketing-0-0-GLES2_U002c0-512MB-sRGB-0-0-0-85-220-0-0-0-6.png/200x200bb.png,https://itunes.apple.com/us/app/youtube-watch-listen-stream/id544007664?mt=8,Google LLC,https://itunes.apple.com/us/developer/google-llc/id281956209?mt=8,281956209,"[""Photo & Video"",""Entertainment""]","[""6008"",""6016""]",9/11/2012
389801252,,,Instagram,https://is1-ssl.mzstatic.com/image/thumb/Purple118/v4/73/2c/df/732cdfa3-4587-80ed-0ce9-73a7796bb317/Prod-0-1x_U007emarketing-0-0-85-220-0-6.png/200x200bb.png,https://itunes.apple.com/us/app/instagram/id389801252?mt=8,"Instagram, Inc.",https://itunes.apple.com/us/developer/instagram-inc/id389801255?mt=8,389801255,"[""Photo & Video"",""Social Networking""]","[""6008"",""6005""]",10/6/2010
454638411,,,Messenger,https://is2-ssl.mzstatic.com/image/thumb/Purple118/v4/c3/fa/97/c3fa97aa-2a45-266f-5b15-915441288c62/Icon-Production-1x_U007emarketing-85-220-0-6.png/200x200bb.png,https://itunes.apple.com/us/app/messenger/id454638411?mt=8,"Facebook, Inc.",https://itunes.apple.com/us/developer/facebook-inc/id284882218?mt=8,284882218,"[""Social Networking"",""Productivity""]","[""6005"",""6007""]",8/9/2011
447188370,,,Snapchat,https://is3-ssl.mzstatic.com/image/thumb/Purple128/v4/41/36/7e/41367eff-d25c-373e-a940-c809f5fafb86/AppIcon-0-1x_U007emarketing-0-0-GLES2_U002c0-512MB-sRGB-0-0-0-85-220-0-0-0-5.png/200x200bb.png,https://itunes.apple.com/us/app/snapchat/id447188370?mt=8,"Snap, Inc.",https://itunes.apple.com/us/developer/snap-inc/id446889612?mt=8,446889612,"[""Photo & Video"",""Social Networking""]","[""6008"",""6005""]",7/13/2011
422689480,,,Gmail - Email by Google,https://is4-ssl.mzstatic.com/image/thumb/Purple118/v4/c0/d2/53/c0d25328-24eb-fd1d-b3ba-f9c6f761c420/logo_gmail_color-1x_U007emarketing-0-0-GLES2_U002c0-512MB-sRGB-0-0-0-85-220-0-0-0-5.png/200x200bb.png,https://itunes.apple.com/us/app/gmail-email-by-google/id422689480?mt=8,Google LLC,https://itunes.apple.com/us/developer/google-llc/id281956209?mt=8,281956209,"[""Productivity"",""Social Networking""]","[""6007"",""6005""]",11/2/2011
1440489556,,,Swing Star,https://is4-ssl.mzstatic.com/image/thumb/Purple128/v4/bd/be/05/bdbe0588-4c64-e844-e886-11314e581b46/AppIcon-0-1x_U007emarketing-0-0-GLES2_U002c0-512MB-sRGB-0-0-0-85-220-0-0-0-7.png/200x200bb.png,https://itunes.apple.com/us/app/swing-star/id1440489556?mt=8,Good Job Games,https://itunes.apple.com/us/developer/good-job-games/id1191495496?mt=8,1191495496,"[""Games"",""Arcade"",""Action""]","[""6014"",""7003"",""7001""]",11/9/2018
297606951,,,Amazon - Shopping made easy,https://is1-ssl.mzstatic.com/image/thumb/Purple118/v4/ac/b7/a1/acb7a1dd-aa88-17a8-9872-4d215f90e6d6/AppIcon-1x_U007emarketing-0-0-85-220-0-0-5.png/200x200bb.png,https://itunes.apple.com/us/app/amazon-shopping-made-easy/id297606951?mt=8,AMZN Mobile LLC,https://itunes.apple.com/us/developer/amzn-mobile-llc/id297606954?mt=8,297606954,"[""Shopping"",""Lifestyle""]","[""6024"",""6012""]",12/3/2008
835599320,,,TikTok - Real Short Videos,https://is5-ssl.mzstatic.com/image/thumb/Purple118/v4/59/43/bb/5943bbb6-ab35-51a9-78d9-3c890a736ddc/AppIcon_TikTok-0-1x_U007emarketing-0-0-GLES2_U002c0-512MB-sRGB-0-0-0-85-220-0-0-0-6.png/200x200bb.png,https://itunes.apple.com/us/app/tiktok-real-short-videos/id835599320?mt=8,musical.ly Inc.,https://itunes.apple.com/us/developer/musical-ly-inc/id1039610913?mt=8,1039610913,"[""Photo & Video"",""Social Networking""]","[""6008"",""6005""]",4/2/2014
284882215,,,Facebook,https://is2-ssl.mzstatic.com/image/thumb/Purple128/v4/21/e6/f1/21e6f11a-462f-5955-31d5-52a41fe78f26/Icon-Production-1x_U007emarketing-85-220-0-6.png/200x200bb.png,https://itunes.apple.com/us/app/facebook/id284882215?mt=8,"Facebook, Inc.",https://itunes.apple.com/us/developer/facebook-inc/id284882218?mt=8,284882218,"[""Social Networking""]","[""6005""]",7/11/2008
1439875940,,,Escape Room: Mystery Word,https://is1-ssl.mzstatic.com/image/thumb/Purple128/v4/a4/70/f7/a470f758-afe5-c4b7-89a8-d0daf8afa71e/AppIcon-0-1x_U007emarketing-0-85-220-0-7.png/200x200bb.png,https://itunes.apple.com/us/app/escape-room-mystery-word/id1439875940?mt=8,ZHOU JIAPING,https://itunes.apple.com/us/developer/zhou-jiaping/id879832636?mt=8,879832636,"[""Games"",""Word"",""Puzzle""]","[""6014"",""7019"",""7012""]",10/27/2018
363590051,,,Netflix,https://is5-ssl.mzstatic.com/image/thumb/Purple118/v4/70/f7/6e/70f76e2a-34c0-9992-db70-f6c13a30bc77/AppIcon-0-1x_U007emarketing-0-0-GLES2_U002c0-512MB-sRGB-0-0-0-85-220-0-0-0-10.png/200x200bb.png,https://itunes.apple.com/us/app/netflix/id363590051?mt=8,"Netflix, Inc.",https://itunes.apple.com/us/developer/netflix-inc/id363590054?mt=8,363590054,"[""Entertainment"",""Lifestyle""]","[""6016"",""6012""]",4/1/2010
324684580,,,Spotify Music,https://is4-ssl.mzstatic.com/image/thumb/Purple118/v4/d4/a6/1c/d4a61c8d-6caa-a3e9-e632-a8ccd23a3ea9/AppIcon-1x_U007emarketing-0-0-GLES2_U002c0-512MB-sRGB-0-0-0-85-220-0-0-0-5.png/200x200bb.png,https://itunes.apple.com/us/app/spotify-music/id324684580?mt=8,Spotify Ltd.,https://itunes.apple.com/us/developer/spotify-ltd/id324684583?mt=8,324684583,"[""Music"",""Entertainment""]","[""6011"",""6016""]",7/14/2011
868077558,,,Bitmoji,https://is4-ssl.mzstatic.com/image/thumb/Purple118/v4/6c/bd/cf/6cbdcf46-f6b5-6f3f-ae58-87076326f073/AppIcon-1x_U007emarketing-85-220-0-7.png/200x200bb.png,https://itunes.apple.com/us/app/bitmoji/id868077558?mt=8,Bitstrips,https://itunes.apple.com/us/developer/bitstrips/id694701217?mt=8,694701217,"[""Utilities"",""Entertainment""]","[""6002"",""6016""]",10/29/2014
376510438,,,Hulu: Watch TV Shows & Movies,https://is3-ssl.mzstatic.com/image/thumb/Purple118/v4/e8/a1/01/e8a10135-d012-b8cc-be69-280106498102/HuluAppIcon-0-1x_U007emarketing-0-0-GLES2_U002c0-512MB-sRGB-0-0-0-85-220-0-0-0-7.png/200x200bb.png,https://itunes.apple.com/us/app/hulu-watch-tv-shows-movies/id376510438?mt=8,"Hulu, LLC",https://itunes.apple.com/us/developer/hulu-llc/id376510441?mt=8,376510441,"[""Entertainment"",""Lifestyle""]","[""6016"",""6012""]",6/29/2010
585027354,,,Google Maps - Transit & Food,https://is5-ssl.mzstatic.com/image/thumb/Purple118/v4/9c/44/f9/9c44f92b-6363-1522-690f-72813d6c0a1e/logo_maps_ios_color-0-1x_U007emarketing-0-0-GLES2_U002c0-512MB-sRGB-0-0-0-85-220-0-0-0-6.png/200x200bb.png,https://itunes.apple.com/us/app/google-maps-transit-food/id585027354?mt=8,Google LLC,https://itunes.apple.com/us/developer/google-llc/id281956209?mt=8,281956209,"[""Navigation"",""Food & Drink""]","[""6010"",""6023""]",12/13/2012
842842640,,,"Google Docs: Sync, Edit, Share",https://is4-ssl.mzstatic.com/image/thumb/Purple128/v4/f7/97/4e/f7974e5c-5936-3fe9-0a51-225c0a165aed/AppIcon-1x_U007emarketing-0-0-GLES2_U002c0-512MB-sRGB-0-0-0-85-220-0-0-0-5.png/200x200bb.png,https://itunes.apple.com/us/app/google-docs-sync-edit-share/id842842640?mt=8,Google LLC,https://itunes.apple.com/us/developer/google-llc/id281956209?mt=8,281956209,"[""Productivity"",""Business""]","[""6007"",""6000""]",4/30/2014
1440019791,,,Find Differences: Detective,https://is2-ssl.mzstatic.com/image/thumb/Purple128/v4/23/85/1f/23851f5f-6dcb-fc74-9416-c0c85c3b3246/AppIcon-0-1x_U007emarketing-0-85-220-0-7.png/200x200bb.png,https://itunes.apple.com/us/app/find-differences-detective/id1440019791?mt=8,Fastone Games,https://itunes.apple.com/us/developer/fastone-games/id1402946708?mt=8,1402946708,"[""Games"",""Puzzle"",""Board""]","[""6014"",""7012"",""7004""]",10/28/2018
711923939,,,Cash App,https://is4-ssl.mzstatic.com/image/thumb/Purple128/v4/e4/0d/e2/e40de229-4108-7baa-9865-d1a12177d979/AppIcon-0-1x_U007emarketing-0-0-GLES2_U002c0-512MB-sRGB-0-0-0-85-220-0-0-0-7.png/200x200bb.png,https://itunes.apple.com/us/app/cash-app/id711923939?mt=8,"Square, Inc.",https://itunes.apple.com/us/developer/square-inc/id335393791?mt=8,335393791,"[""Finance"",""Business""]","[""6015"",""6000""]",10/16/2013
1423046460,,,Paper.io 2,https://is5-ssl.mzstatic.com/image/thumb/Purple128/v4/58/17/58/58175880-eaab-7a20-a61b-f8d44ff56e6d/AppIcon-0-1x_U007emarketing-0-85-220-0-7.png/200x200bb.png,https://itunes.apple.com/us/app/paper-io-2/id1423046460?mt=8,Voodoo,https://itunes.apple.com/us/developer/voodoo/id714804730?mt=8,714804730,"[""Games"",""Arcade""]","[""6014"",""7003""]",8/9/2018
960569530,,,Lucky Day - Win Real Money!,https://is3-ssl.mzstatic.com/image/thumb/Purple118/v4/79/df/68/79df6814-e940-76aa-b9b8-3f1d263ed0d8/AppIcon-0-1x_U007emarketing-0-0-85-220-0-7.png/200x200bb.png,https://itunes.apple.com/us/app/lucky-day-win-real-money/id960569530?mt=8,"Lucky Day Entertainment, Inc.",https://itunes.apple.com/us/developer/lucky-day-entertainment-inc/id960569529?mt=8,960569529,"[""Lifestyle"",""Card"",""Games"",""Casino""]","[""6012"",""7005"",""6014"",""7006""]",4/1/2015
530621395,,,Wish - Shopping Made Fun,https://is3-ssl.mzstatic.com/image/thumb/Purple128/v4/32/7b/c5/327bc557-ce43-e4b3-d2cb-c126e46b74c7/AppIcon-0-1x_U007emarketing-0-0-85-220-0-7.png/200x200bb.png,https://itunes.apple.com/us/app/wish-shopping-made-fun/id530621395?mt=8,ContextLogic Inc.,https://itunes.apple.com/us/developer/contextlogic-inc/id530621398?mt=8,530621398,"[""Shopping"",""Lifestyle""]","[""6024"",""6012""]",6/14/2012
310633997,,,WhatsApp Messenger,https://is4-ssl.mzstatic.com/image/thumb/Purple118/v4/39/bb/7c/39bb7c74-0433-4d03-80c9-0dfaa0c53673/AppIcon-1x_U007emarketing-85-220-3.png/200x200bb.png,https://itunes.apple.com/us/app/whatsapp-messenger/id310633997?mt=8,WhatsApp Inc.,https://itunes.apple.com/us/developer/whatsapp-inc/id310634000?mt=8,310634000,"[""Social Networking"",""Utilities""]","[""6005"",""6002""]",5/4/2009
338137227,,,Walmart – Shopping and Saving,https://is3-ssl.mzstatic.com/image/thumb/Purple128/v4/b6/9b/7b/b69b7b90-3943-5949-d45c-d6a87df228ab/AppIcon-0-1x_U007emarketing-0-0-GLES2_U002c0-512MB-sRGB-0-0-0-85-220-0-0-0-7.png/200x200bb.png,https://itunes.apple.com/us/app/walmart-shopping-and-saving/id338137227?mt=8,Walmart,https://itunes.apple.com/us/developer/walmart/id338137230?mt=8,338137230,"[""Shopping"",""Lifestyle""]","[""6024"",""6012""]",11/2/2009
535886823,,,Google Chrome,https://is3-ssl.mzstatic.com/image/thumb/Purple118/v4/e9/ad/af/e9adaff7-873a-225c-d5bd-be7e29c4188c/AppIcon-0-1x_U007emarketing-0-0-GLES2_U002c0-512MB-sRGB-0-0-0-85-220-0-0-0-6.png/200x200bb.png,https://itunes.apple.com/us/app/google-chrome/id535886823?mt=8,Google LLC,https://itunes.apple.com/us/developer/google-llc/id281956209?mt=8,281956209,"[""Utilities"",""Productivity""]","[""6002"",""6007""]",6/28/2012
1425793208,,,Happy Glass,https://is3-ssl.mzstatic.com/image/thumb/Purple118/v4/aa/dc/cf/aadccf2a-3def-5d33-fc16-eb0d949dada6/AppIcon-0-1x_U007emarketing-0-0-85-220-9.png/200x200bb.png,https://itunes.apple.com/us/app/happy-glass/id1425793208?mt=8,Lion Studios,https://itunes.apple.com/us/developer/lion-studios/id1362220666?mt=8,1362220666,"[""Games"",""Board"",""Puzzle""]","[""6014"",""7004"",""7012""]",8/14/2018
507874739,,,Google Drive,https://is4-ssl.mzstatic.com/image/thumb/Purple118/v4/31/e9/5f/31e95f96-3ebe-bccc-8c61-cf8ae03761e6/AppIcon-1x_U007emarketing-0-0-GLES2_U002c0-512MB-sRGB-0-0-0-85-220-0-0-0-5.png/200x200bb.png,https://itunes.apple.com/us/app/google-drive/id507874739?mt=8,Google LLC,https://itunes.apple.com/us/developer/google-llc/id281956209?mt=8,281956209,"[""Productivity""]","[""6007""]",6/28/2012
368677368,,,Uber,https://is2-ssl.mzstatic.com/image/thumb/Purple128/v4/b8/c4/8c/b8c48c2b-6ef4-d9a9-3b8a-682c418e087c/AppIcon-0-1x_U007emarketing-0-0-GLES2_U002c0-512MB-sRGB-0-0-0-85-220-0-0-0-7.png/200x200bb.png,https://itunes.apple.com/us/app/uber/id368677368?mt=8,"Uber Technologies, Inc.",https://itunes.apple.com/us/developer/uber-technologies-inc/id368677371?mt=8,368677371,"[""Travel"",""Lifestyle""]","[""6003"",""6012""]",5/21/2010
284035177,,,Pandora - Streaming Music,https://is5-ssl.mzstatic.com/image/thumb/Purple118/v4/ea/10/be/ea10be0f-96ca-99e6-b0a3-0ae5f5bbf058/AppIcon-0-1x_U007emarketing-0-0-GLES2_U002c0-512MB-sRGB-0-0-0-85-220-0-0-0-7.png/200x200bb.png,https://itunes.apple.com/us/app/pandora-streaming-music/id284035177?mt=8,"Pandora Media, Inc.",https://itunes.apple.com/us/developer/pandora-media-inc/id284035180?mt=8,284035180,"[""Music""]","[""6011""]",7/11/2008
1438250448,,,Words Story,https://is1-ssl.mzstatic.com/image/thumb/Purple128/v4/13/42/ec/1342ec23-df53-3c81-c29b-87505189a794/AppIcon-0-1x_U007emarketing-0-85-220-0-7.png/200x200bb.png,https://itunes.apple.com/us/app/words-story/id1438250448?mt=8,ZHOU JIAPING,https://itunes.apple.com/us/developer/zhou-jiaping/id879832636?mt=8,879832636,"[""Games"",""Word"",""Education"",""Puzzle""]","[""6014"",""7019"",""6017"",""7012""]",10/15/2018
323229106,,,Waze Navigation & Live Traffic,https://is4-ssl.mzstatic.com/image/thumb/Purple128/v4/e1/44/08/e14408a4-c985-c77b-45db-dc1cf1e932a4/AppIcon-0-1x_U007emarketing-0-0-85-220-0-7.png/200x200bb.png,https://itunes.apple.com/us/app/waze-navigation-live-traffic/id323229106?mt=8,Waze Inc.,https://itunes.apple.com/us/developer/waze-inc/id323229109?mt=8,323229109,"[""Navigation"",""Travel""]","[""6010"",""6003""]",8/1/2009
1057889290,,,Tomb of the Mask,https://is2-ssl.mzstatic.com/image/thumb/Purple118/v4/e2/21/bd/e221bded-9e45-b5f0-8323-119024fbbeba/AppIcon-1x_U007emarketing-85-220-8.png/200x200bb.png,https://itunes.apple.com/us/app/tomb-of-the-mask/id1057889290?mt=8,Playgendary,https://itunes.apple.com/us/developer/playgendary/id1115200021?mt=8,1115200021,"[""Games"",""Arcade"",""Action""]","[""6014"",""7003"",""7001""]",2/9/2016
1207472156,,,Wordscapes,https://is3-ssl.mzstatic.com/image/thumb/Purple128/v4/a6/17/43/a617436a-b6e7-3c37-9816-157a4136853c/AppIcon-0-1x_U007emarketing-0-85-220-0-7.png/200x200bb.png,https://itunes.apple.com/us/app/wordscapes/id1207472156?mt=8,"PeopleFun, Inc.",https://itunes.apple.com/us/developer/peoplefun-inc/id517840947?mt=8,517840947,"[""Games"",""Education"",""Word"",""Puzzle""]","[""6014"",""6017"",""7019"",""7012""]",6/14/2017
944011620,,,Amazon Alexa,https://is5-ssl.mzstatic.com/image/thumb/Purple128/v4/2a/c2/5b/2ac25ba2-dcb1-7fb7-e305-e1f6562dd035/AppIcon-1x_U007emarketing-85-220-0-6.png/200x200bb.png,https://itunes.apple.com/us/app/amazon-alexa/id944011620?mt=8,AMZN Mobile LLC,https://itunes.apple.com/us/developer/amzn-mobile-llc/id297606954?mt=8,297606954,"[""Music""]","[""6011""]",12/10/2014
919087726,,,Photomath,https://is4-ssl.mzstatic.com/image/thumb/Purple118/v4/20/38/a4/2038a4bc-26a2-68af-6222-23b4a7e44d25/AppIcon-0-1x_U007emarketing-0-0-GLES2_U002c0-512MB-sRGB-0-0-0-85-220-0-0-0-7.png/200x200bb.png,https://itunes.apple.com/us/app/photomath/id919087726?mt=8,"Photomath, Inc.",https://itunes.apple.com/us/developer/photomath-inc/id901413062?mt=8,901413062,"[""Education"",""Productivity""]","[""6017"",""6007""]",10/17/2014
1345968745,,,Helix Jump,https://is3-ssl.mzstatic.com/image/thumb/Purple118/v4/da/f1/49/daf14987-954e-1dec-9ee5-5ba0cd37a8ec/AppIcon-0-1x_U007emarketing-0-85-220-0-7.png/200x200bb.png,https://itunes.apple.com/us/app/helix-jump/id1345968745?mt=8,Voodoo,https://itunes.apple.com/us/developer/voodoo/id714804730?mt=8,714804730,"[""Games"",""Action"",""Arcade""]","[""6014"",""7001"",""7003""]",2/10/2018
962194608,,,Google Photos,https://is3-ssl.mzstatic.com/image/thumb/Purple118/v4/af/d1/8d/afd18d2a-6bc1-33cd-609f-4a8c5577cd12/logo_photos_color-0-1x_U007emarketing-0-0-GLES2_U002c0-512MB-sRGB-0-0-0-85-220-0-0-0-6.png/200x200bb.png,https://itunes.apple.com/us/app/google-photos/id962194608?mt=8,Google LLC,https://itunes.apple.com/us/developer/google-llc/id281956209?mt=8,281956209,"[""Photo & Video""]","[""6008""]",5/28/2015
351727428,,,Venmo: Send & Receive Money,https://is2-ssl.mzstatic.com/image/thumb/Purple118/v4/82/59/b7/8259b7fd-9fb3-9b85-b3fe-cd6d2c7cca42/AppIcon-0-1x_U007emarketing-0-0-GLES2_U002c0-512MB-sRGB-0-0-0-85-220-0-0-0-7.png/200x200bb.png,https://itunes.apple.com/us/app/venmo-send-receive-money/id351727428?mt=8,Venmo,https://itunes.apple.com/us/developer/venmo/id351727431?mt=8,351727431,"[""Finance"",""Utilities""]","[""6015"",""6002""]",4/3/2010
336353151,,,SoundCloud - Music & Audio,https://is4-ssl.mzstatic.com/image/thumb/Purple118/v4/a2/49/94/a24994bb-307c-05e4-c0fb-b81560973703/AppIcon-0-1x_U007emarketing-0-0-GLES2_U002c0-512MB-sRGB-0-0-0-85-220-0-0-0-7.png/200x200bb.png,https://itunes.apple.com/us/app/soundcloud-music-audio/id336353151?mt=8,SoundCloud Ltd.,https://itunes.apple.com/us/developer/soundcloud-ltd/id336353154?mt=8,336353154,"[""Music"",""Social Networking""]","[""6011"",""6005""]",11/3/2009
1261357853,,,Fortnite,https://is3-ssl.mzstatic.com/image/thumb/Purple128/v4/6c/da/d9/6cdad9d4-2b1e-0758-d0c3-5aeb259dccce/AppIcon-1x_U007emarketing-85-220-0-6.png/200x200bb.png,https://itunes.apple.com/us/app/fortnite/id1261357853?mt=8,Epic Games,https://itunes.apple.com/us/developer/epic-games/id387428403?mt=8,387428403,"[""Games"",""Entertainment"",""Action"",""Adventure""]","[""6014"",""6016"",""7001"",""7002""]",3/15/2018
879478102,,,Google Slides,https://is4-ssl.mzstatic.com/image/thumb/Purple118/v4/5d/38/f8/5d38f879-2013-ab53-a82c-cbfded70bf21/AppIcon-1x_U007emarketing-0-0-GLES2_U002c0-512MB-sRGB-0-0-0-85-220-0-0-0-5.png/200x200bb.png,https://itunes.apple.com/us/app/google-slides/id879478102?mt=8,Google LLC,https://itunes.apple.com/us/developer/google-llc/id281956209?mt=8,281956209,"[""Productivity"",""Business""]","[""6007"",""6000""]",8/26/2014
429047995,,,Pinterest,https://is4-ssl.mzstatic.com/image/thumb/Purple128/v4/6d/89/5e/6d895e69-5314-8fdc-ca09-bddf5f6873ef/AppIcon-0-1x_U007emarketing-0-0-GLES2_U002c0-512MB-sRGB-0-0-0-85-220-0-0-0-6.png/200x200bb.png,https://itunes.apple.com/us/app/pinterest/id429047995?mt=8,Pinterest,https://itunes.apple.com/us/developer/pinterest/id328135727?mt=8,328135727,"[""Social Networking"",""Photo & Video""]","[""6005"",""6008""]",4/28/2011
283646709,,,PayPal: Mobile Cash,https://is1-ssl.mzstatic.com/image/thumb/Purple118/v4/1c/47/47/1c47477f-4439-ed15-fb64-472602bf356a/AppIcon-0-1x_U007emarketing-0-0-GLES2_U002c0-512MB-sRGB-0-0-0-85-220-0-0-0-7.png/200x200bb.png,https://itunes.apple.com/us/app/paypal-mobile-cash/id283646709?mt=8,"PayPal, Inc.",https://itunes.apple.com/us/developer/paypal-inc/id283646712?mt=8,283646712,"[""Finance"",""Utilities""]","[""6015"",""6002""]",7/11/2008
333903271,,,Twitter,https://is1-ssl.mzstatic.com/image/thumb/Purple118/v4/01/06/b5/0106b576-e278-cb22-c049-9dd45b76f5dd/ProductionAppIcon-0-1x_U007emarketing-0-0-GLES2_U002c0-512MB-sRGB-0-0-0-85-220-0-0-0-7.png/200x200bb.png,https://itunes.apple.com/us/app/twitter/id333903271?mt=8,"Twitter, Inc.",https://itunes.apple.com/us/developer/twitter-inc/id296415947?mt=8,296415947,"[""News"",""Social Networking""]","[""6009"",""6005""]",10/9/2009
1017492454,,,YouTube Music,https://is5-ssl.mzstatic.com/image/thumb/Purple118/v4/76/a8/8c/76a88c34-2386-4e70-5b6a-8caa31df30b6/AppIcon-1x_U007emarketing-85-220-0-5.png/200x200bb.png,https://itunes.apple.com/us/app/youtube-music/id1017492454?mt=8,Google LLC,https://itunes.apple.com/us/developer/google-llc/id281956209?mt=8,281956209,"[""Music"",""Entertainment""]","[""6011"",""6016""]",11/12/2015
1435807944,,,Stickman Hook,https://is4-ssl.mzstatic.com/image/thumb/Purple128/v4/25/03/cb/2503cb48-1c02-5583-6d25-c1af5d838f5d/AppIcon-0-1x_U007emarketing-0-85-220-7.png/200x200bb.png,https://itunes.apple.com/us/app/stickman-hook/id1435807944?mt=8,MADBOX,https://itunes.apple.com/us/developer/madbox/id981448700?mt=8,981448700,"[""Games"",""Sports"",""Arcade""]","[""6014"",""7016"",""7003""]",10/3/2018
1331794412,,,Bricks n Balls,https://is1-ssl.mzstatic.com/image/thumb/Purple128/v4/d3/73/54/d373545f-5e82-a248-b248-bcf663f7bb94/AppIcon-0-1x_U007emarketing-0-85-220-7.png/200x200bb.png,https://itunes.apple.com/us/app/bricks-n-balls/id1331794412?mt=8,Cheetah Technology Corporation Limited,https://itunes.apple.com/us/developer/cheetah-technology-corporation-limited/id949821679?mt=8,949821679,"[""Games"",""Puzzle"",""Board"",""Entertainment""]","[""6014"",""7012"",""7004"",""6016""]",1/6/2018
1058959277,,,Uber Eats: Food Delivery,https://is3-ssl.mzstatic.com/image/thumb/Purple128/v4/19/6a/60/196a60a3-34a9-e69b-1866-a7e5ccb66282/AppIcon-0-1x_U007emarketing-0-0-GLES2_U002c0-512MB-sRGB-0-0-0-85-220-0-0-0-7.jpeg/200x200bb.png,https://itunes.apple.com/us/app/uber-eats-food-delivery/id1058959277?mt=8,"Uber Technologies, Inc.",https://itunes.apple.com/us/developer/uber-technologies-inc/id368677371?mt=8,368677371,"[""Food & Drink"",""Lifestyle""]","[""6023"",""6012""]",3/1/2016
529379082,,,Lyft,https://is2-ssl.mzstatic.com/image/thumb/Purple128/v4/86/f7/c8/86f7c837-8b35-77a4-6a2f-d1bd99920bdd/PassengerAppIcon-0-1x_U007emarketing-0-0-GLES2_U002c0-512MB-sRGB-0-0-0-85-220-0-0-0-7.png/200x200bb.png,https://itunes.apple.com/us/app/lyft/id529379082?mt=8,"Lyft, Inc.",https://itunes.apple.com/us/developer/lyft-inc/id523004506?mt=8,523004506,"[""Travel"",""Navigation""]","[""6003"",""6010""]",5/31/2012
719972451,,,DoorDash - Order Food Delivery,https://is5-ssl.mzstatic.com/image/thumb/Purple118/v4/37/0e/5a/370e5a8d-013d-5e9e-c2bc-36dd6a29e171/AppIcon-0-1x_U007emarketing-0-0-GLES2_U002c0-512MB-sRGB-0-0-0-85-220-0-0-0-4.png/200x200bb.png,https://itunes.apple.com/us/app/doordash-order-food-delivery/id719972451?mt=8,"DoorDash, Inc.",https://itunes.apple.com/us/developer/doordash-inc/id719972454?mt=8,719972454,"[""Food & Drink"",""Lifestyle""]","[""6023"",""6012""]",10/10/2013
951937596,,,Microsoft Outlook,https://is1-ssl.mzstatic.com/image/thumb/Purple118/v4/1f/16/dd/1f16dd77-6b53-2862-5892-7d9e79f8c9d1/AppIcon-outlook.prod-0-1x_U007emarketing-0-0-GLES2_U002c0-512MB-sRGB-0-0-0-85-220-0-0-0-6.png/200x200bb.png,https://itunes.apple.com/us/app/microsoft-outlook/id951937596?mt=8,Microsoft Corporation,https://itunes.apple.com/us/developer/microsoft-corporation/id298856275?mt=8,298856275,"[""Productivity"",""Business""]","[""6007"",""6000""]",1/29/2015
1263934706,,,Slices,https://is5-ssl.mzstatic.com/image/thumb/Purple128/v4/04/15/4f/04154f82-a8d9-8143-b9a9-fa2c892aea3e/AppIcon-0-1x_U007emarketing-0-85-220-7.png/200x200bb.png,https://itunes.apple.com/us/app/slices/id1263934706?mt=8,Good Job Games,https://itunes.apple.com/us/developer/good-job-games/id1191495496?mt=8,1191495496,"[""Games"",""Puzzle"",""Action"",""Entertainment""]","[""6014"",""7012"",""7001"",""6016""]",9/19/2017
284815942,,,Google,https://is4-ssl.mzstatic.com/image/thumb/Purple128/v4/c1/37/56/c13756f3-b066-e224-2f0d-42af177fa61f/logo_gsa_ios_color-1x_U007emarketing-0-0-GLES2_U002c0-512MB-sRGB-0-0-0-85-220-0-0-0-5.png/200x200bb.png,https://itunes.apple.com/us/app/google/id284815942?mt=8,Google LLC,https://itunes.apple.com/us/developer/google-llc/id281956209?mt=8,281956209,"[""Utilities"",""Reference""]","[""6002"",""6006""]",7/11/2008
1091456207,,,Fill one-line puzzle game,https://is5-ssl.mzstatic.com/image/thumb/Purple118/v4/17/a8/7a/17a87a64-933c-59d9-eef3-ee64b375a448/AppIcon-1x_U007emarketing-85-220-8.png/200x200bb.png,https://itunes.apple.com/us/app/fill-one-line-puzzle-game/id1091456207?mt=8,MagicAnt LLC,https://itunes.apple.com/us/developer/magicant-llc/id1179975505?mt=8,1179975505,"[""Games"",""Trivia"",""Puzzle"",""Entertainment""]","[""6014"",""7018"",""7012"",""6016""]",5/2/2016
468996152,,,OfferUp - Buy. Sell. Simple.,https://is2-ssl.mzstatic.com/image/thumb/Purple118/v4/4d/6a/b9/4d6ab906-e6d9-1684-d6cc-6f3fe74b20ed/AppIcon-0-1x_U007emarketing-0-0-85-220-0-7.png/200x200bb.png,https://itunes.apple.com/us/app/offerup-buy-sell-simple/id468996152?mt=8,OfferUp Inc.,https://itunes.apple.com/us/developer/offerup-inc/id414140125?mt=8,414140125,"[""Shopping"",""Lifestyle""]","[""6024"",""6012""]",10/19/2011
1236677535,,,Run Sausage Run!,https://is5-ssl.mzstatic.com/image/thumb/Purple128/v4/c4/8d/f6/c48df6b2-45de-f7cb-dca6-ffe98e20be99/AppIcon-1x_U007emarketing-85-220-5.png/200x200bb.png,https://itunes.apple.com/us/app/run-sausage-run/id1236677535?mt=8,Crazy Labs,https://itunes.apple.com/us/developer/crazy-labs/id721307559?mt=8,721307559,"[""Games"",""Entertainment"",""Action"",""Arcade""]","[""6014"",""6016"",""7001"",""7003""]",12/13/2017
1405532435,,,FlashTone,https://is2-ssl.mzstatic.com/image/thumb/Purple118/v4/f9/b2/91/f9b291d4-a465-8801-8e0b-888bcb33ac34/AppIcon-1x_U007emarketing-0-0-GLES2_U002c0-512MB-sRGB-0-0-0-85-220-0-0-0-6.png/200x200bb.png,https://itunes.apple.com/us/app/flashtone/id1405532435?mt=8,Mono Yazılım,https://itunes.apple.com/us/developer/mono-yaz%C4%B1l%C4%B1m/id1328341392?mt=8,1328341392,"[""Entertainment""]","[""6016""]",8/5/2018
1050861701,,,Lipsi,https://is2-ssl.mzstatic.com/image/thumb/Purple118/v4/51/a5/fc/51a5fcdd-ebd0-b199-4de5-399ae73d6067/AppIcon-0-1x_U007emarketing-0-0-GLES2_U002c0-512MB-sRGB-0-0-0-85-220-0-0-0-7.png/200x200bb.png,https://itunes.apple.com/us/app/lipsi/id1050861701?mt=8,Lipsi Software Development Inc.,https://itunes.apple.com/us/developer/lipsi-software-development-inc/id1050861189?mt=8,1050861189,"[""Lifestyle""]","[""6012""]",3/23/2016
680819774,,,Google Home,https://is1-ssl.mzstatic.com/image/thumb/Purple118/v4/a7/84/ad/a784ada8-0bb4-52ed-7595-7cb70d106b14/logo_google_home_color-1x_U007emarketing-0-0-GLES2_U002c0-512MB-sRGB-0-0-0-85-220-0-0-0-5.png/200x200bb.png,https://itunes.apple.com/us/app/google-home/id680819774?mt=8,Google LLC,https://itunes.apple.com/us/developer/google-llc/id281956209?mt=8,281956209,"[""Lifestyle"",""Entertainment""]","[""6012"",""6016""]",8/27/2013
1395840989,,,Hello Lines - relaxing puzzles,https://is4-ssl.mzstatic.com/image/thumb/Purple118/v4/f4/3b/f5/f43bf5a8-893d-d42f-e260-aedd1478e8b6/AppIcon-0-1x_U007emarketing-0-85-220-4.png/200x200bb.png,https://itunes.apple.com/us/app/hello-lines-relaxing-puzzles/id1395840989?mt=8,People Games,https://itunes.apple.com/us/developer/people-games/id1338656801?mt=8,1338656801,"[""Games"",""Entertainment"",""Puzzle"",""Word""]","[""6014"",""6016"",""7012"",""7019""]",8/2/2018
723134859,,,Ebates: Get Cash Back Rewards,https://is5-ssl.mzstatic.com/image/thumb/Purple128/v4/80/a2/c2/80a2c20e-6d21-3650-a309-c08e7d64f9d2/AppIcon-0-1x_U007emarketing-0-0-GLES2_U002c0-512MB-sRGB-0-0-0-85-220-0-0-0-7.png/200x200bb.png,https://itunes.apple.com/us/app/ebates-get-cash-back-rewards/id723134859?mt=8,Ebates,https://itunes.apple.com/us/developer/ebates/id723134862?mt=8,723134862,"[""Shopping"",""Lifestyle""]","[""6024"",""6012""]",10/23/2013
297430070,,,Target,https://is5-ssl.mzstatic.com/image/thumb/Purple128/v4/2e/64/93/2e6493ed-ad70-ba8e-8af4-63967e1e88d5/AppIconShiny-0-1x_U007emarketing-0-0-GLES2_U002c0-512MB-sRGB-0-0-0-85-220-0-0-0-5.png/200x200bb.png,https://itunes.apple.com/us/app/target/id297430070?mt=8,Target,https://itunes.apple.com/us/developer/target/id297430073?mt=8,297430073,"[""Shopping"",""Lifestyle""]","[""6024"",""6012""]",11/25/2008
1330123889,,,PUBG MOBILE,https://is4-ssl.mzstatic.com/image/thumb/Purple118/v4/80/7d/4d/807d4db2-5fba-e8bd-d2e1-f444805de6ec/AppIcon-1x_U007emarketing-85-220-0-6.png/200x200bb.png,https://itunes.apple.com/us/app/pubg-mobile/id1330123889?mt=8,Tencent Mobile International Limited,https://itunes.apple.com/us/developer/tencent-mobile-international-limited/id504515421?mt=8,504515421,"[""Games"",""Action"",""Strategy""]","[""6014"",""7001"",""7017""]",3/19/2018
922103212,,,McDonald's,https://is5-ssl.mzstatic.com/image/thumb/Purple118/v4/9b/4b/22/9b4b2271-0ef6-0199-90d3-c592600f202d/AppIcon-4-1x_U007emarketing-0-0-85-220-0-3.png/200x200bb.png,https://itunes.apple.com/us/app/mcdonalds/id922103212?mt=8,McDonald's USA,https://itunes.apple.com/us/developer/mcdonalds-usa/id703260918?mt=8,703260918,"[""Food & Drink"",""Utilities""]","[""6023"",""6002""]",10/25/2014
1435330325,,,Highway Heat,https://is1-ssl.mzstatic.com/image/thumb/Purple118/v4/f8/ef/b8/f8efb873-83aa-ca4e-c154-3eab1f59b99f/AppIcon-0-1x_U007emarketing-0-85-220-0-7.png/200x200bb.png,https://itunes.apple.com/us/app/highway-heat/id1435330325?mt=8,Bite Size Games Ltd,https://itunes.apple.com/us/developer/bite-size-games-ltd/id912347255?mt=8,912347255,"[""Games"",""Action"",""Arcade""]","[""6014"",""7001"",""7003""]",9/21/2018
547702041,,,Tinder,https://is5-ssl.mzstatic.com/image/thumb/Purple118/v4/d5/29/9b/d5299bc7-1f32-c28a-aaa4-f545d84982fb/AppIcon-0-1x_U007emarketing-0-0-GLES2_U002c0-512MB-sRGB-0-0-0-85-220-0-0-0-7.png/200x200bb.png,https://itunes.apple.com/us/app/tinder/id547702041?mt=8,Tinder Inc.,https://itunes.apple.com/us/developer/tinder-inc/id725634363?mt=8,725634363,"[""Lifestyle"",""Social Networking""]","[""6012"",""6005""]",8/3/2012
1351027839,,,Flip Trickster,https://is5-ssl.mzstatic.com/image/thumb/Purple118/v4/c7/7d/46/c77d4649-8f9a-a2cd-333a-6f093a9facd3/AppIcon-0-1x_U007emarketing-0-85-220-7.png/200x200bb.png,https://itunes.apple.com/us/app/flip-trickster/id1351027839?mt=8,Lion Studios,https://itunes.apple.com/us/developer/lion-studios/id1362220666?mt=8,1362220666,"[""Games"",""Sports"",""Simulation""]","[""6014"",""7016"",""7015""]",2/22/2018
327630330,,,Dropbox,https://is3-ssl.mzstatic.com/image/thumb/Purple128/v4/20/26/79/202679fe-d445-3c72-8e8e-92340b21686a/AppIcon-1x_U007emarketing-0-0-GLES2_U002c0-512MB-sRGB-0-0-0-85-220-0-0-0-5.png/200x200bb.png,https://itunes.apple.com/us/app/dropbox/id327630330?mt=8,Dropbox,https://itunes.apple.com/us/developer/dropbox/id327630333?mt=8,327630333,"[""Productivity"",""Utilities""]","[""6007"",""6002""]",9/29/2009
302920553,,,Grubhub: Local Food Delivery,https://is1-ssl.mzstatic.com/image/thumb/Purple118/v4/d4/d5/6c/d4d56c81-ec07-fedc-7de3-aa7dcfdbb41a/AppIcon-0-1x_U007emarketing-0-0-GLES2_U002c0-512MB-sRGB-0-0-0-85-220-0-0-0-6.png/200x200bb.png,https://itunes.apple.com/us/app/grubhub-local-food-delivery/id302920553?mt=8,GrubHub.com,https://itunes.apple.com/us/developer/grubhub-com/id302920556?mt=8,302920556,"[""Food & Drink"",""Travel""]","[""6023"",""6003""]",2/4/2009
545519333,,,Amazon Prime Video,https://is1-ssl.mzstatic.com/image/thumb/Purple128/v4/3f/f1/81/3ff18185-7f45-a2a8-a915-75a46aa32673/AppIcon-1x_U007emarketing-85-220-0-9.png/200x200bb.png,https://itunes.apple.com/us/app/amazon-prime-video/id545519333?mt=8,AMZN Mobile LLC,https://itunes.apple.com/us/developer/amzn-mobile-llc/id297606954?mt=8,297606954,"[""Entertainment"",""Lifestyle""]","[""6016"",""6012""]",7/31/2012
1423504857,,,Spinner.io,https://is5-ssl.mzstatic.com/image/thumb/Purple128/v4/83/a0/ea/83a0eac2-178c-cea4-18ab-00a3fbf0bccb/AppIcon-1x_U007emarketing-85-220-6.png/200x200bb.png,https://itunes.apple.com/us/app/spinner-io/id1423504857?mt=8,Good Job Games,https://itunes.apple.com/us/developer/good-job-games/id1191495496?mt=8,1191495496,"[""Games"",""Arcade"",""Action""]","[""6014"",""7003"",""7001""]",8/17/2018
1434442244,,,Paint by Number: Color Games,https://is2-ssl.mzstatic.com/image/thumb/Purple128/v4/ab/2b/b7/ab2bb791-0577-be06-d40f-9cb3fcd7746d/AppIcon-1x_U007emarketing-85-220-0-9.png/200x200bb.png,https://itunes.apple.com/us/app/paint-by-number-color-games/id1434442244?mt=8,Fun Games For Free,https://itunes.apple.com/us/developer/fun-games-for-free/id618574061?mt=8,618574061,"[""Games"",""Role Playing"",""Entertainment"",""Puzzle""]","[""6014"",""7014"",""6016"",""7012""]",10/18/2018
470412147,,,Poshmark,https://is5-ssl.mzstatic.com/image/thumb/Purple118/v4/97/61/06/976106f8-16bd-5d7d-3216-f0b80c72a8c9/AppIcon-0-1x_U007emarketing-0-0-GLES2_U002c0-512MB-sRGB-0-0-0-85-220-0-0-0-7.png/200x200bb.png,https://itunes.apple.com/us/app/poshmark/id470412147?mt=8,"Poshmark, Inc.",https://itunes.apple.com/us/developer/poshmark-inc/id470412290?mt=8,470412290,"[""Shopping"",""Lifestyle""]","[""6024"",""6012""]",10/13/2011
282614216,,,Buy & Sell This Holiday - eBay,https://is5-ssl.mzstatic.com/image/thumb/Purple118/v4/52/60/0d/52600d45-8d51-6381-b550-5c6ac71f9be2/AppIcon-1x_U007emarketing-0-0-GLES2_U002c0-512MB-sRGB-0-0-0-85-220-0-0-0-4.png/200x200bb.png,https://itunes.apple.com/us/app/buy-sell-this-holiday-ebay/id282614216?mt=8,eBay Inc.,https://itunes.apple.com/us/developer/ebay-inc/id282614219?mt=8,282614219,"[""Shopping"",""Lifestyle""]","[""6024"",""6012""]",7/11/2008
1164056434,,,Assassin's Creed Rebellion,https://is4-ssl.mzstatic.com/image/thumb/Purple128/v4/02/a9/29/02a929e5-44c8-cd4a-06db-f01244dfaf1c/AppIcon-0-1x_U007emarketing-0-85-220-6.png/200x200bb.png,https://itunes.apple.com/us/app/assassins-creed-rebellion/id1164056434?mt=8,Ubisoft,https://itunes.apple.com/us/developer/ubisoft/id317644720?mt=8,317644720,"[""Games"",""Role Playing"",""Adventure""]","[""6014"",""7014"",""7002""]",11/20/2018
924620788,,,Google Classroom,https://is4-ssl.mzstatic.com/image/thumb/Purple128/v4/44/98/6a/44986a2f-4133-90b9-53fb-801e4b17fb82/AppIcon-1x_U007emarketing-0-0-GLES2_U002c0-512MB-sRGB-0-0-0-85-220-0-0-0-5.png/200x200bb.png,https://itunes.apple.com/us/app/google-classroom/id924620788?mt=8,Google LLC,https://itunes.apple.com/us/developer/google-llc/id281956209?mt=8,281956209,"[""Education"",""Productivity""]","[""6017"",""6007""]",1/13/2015
309465525,,,Shutterfly: Prints & Gifts,https://is2-ssl.mzstatic.com/image/thumb/Purple118/v4/b1/d6/18/b1d618d1-8eae-65f6-d0a1-9d9944d5cd6e/AppIcon-1x_U007emarketing-0-0-GLES2_U002c0-512MB-sRGB-0-0-0-85-220-0-0-0-5.png/200x200bb.png,https://itunes.apple.com/us/app/shutterfly-prints-gifts/id309465525?mt=8,Shutterfly,https://itunes.apple.com/us/developer/shutterfly/id309465528?mt=8,309465528,"[""Photo & Video"",""Shopping""]","[""6008"",""6024""]",4/4/2009
656971078,,,Episode - Choose Your Story,https://is2-ssl.mzstatic.com/image/thumb/Purple128/v4/38/b9/26/38b92686-2f43-fa0b-a213-5c9ffc513df6/AppIcon-1x_U007emarketing-85-220-6.png/200x200bb.png,https://itunes.apple.com/us/app/episode-choose-your-story/id656971078?mt=8,Episode Interactive,https://itunes.apple.com/us/developer/episode-interactive/id761807761?mt=8,761807761,"[""Games"",""Role Playing"",""Simulation"",""Entertainment""]","[""6014"",""7014"",""7015"",""6016""]",12/18/2013
414706506,,,Google Translate,https://is5-ssl.mzstatic.com/image/thumb/Purple128/v4/a2/5f/5c/a25f5c9a-f113-c9f4-6632-5ce055ea0d21/logo_translate_color-1x_U007emarketing-0-0-GLES2_U002c0-512MB-sRGB-0-0-0-85-220-0-0-0-5.png/200x200bb.png,https://itunes.apple.com/us/app/google-translate/id414706506?mt=8,Google LLC,https://itunes.apple.com/us/developer/google-llc/id281956209?mt=8,281956209,"[""Reference"",""Travel""]","[""6006"",""6003""]",2/8/2011
331177714,,,Starbucks,https://is3-ssl.mzstatic.com/image/thumb/Purple128/v4/40/2d/fe/402dfe66-a9a8-ed85-9979-e6d64a08ba5d/AppIcon-0-1x_U007emarketing-0-0-GLES2_U002c0-512MB-P3-0-0-0-85-220-0-0-0-7.png/200x200bb.png,https://itunes.apple.com/us/app/starbucks/id331177714?mt=8,Starbucks Coffee Company,https://itunes.apple.com/us/developer/starbucks-coffee-company/id331177718?mt=8,331177718,"[""Food & Drink"",""Lifestyle""]","[""6023"",""6012""]",9/23/2009
1022831885,,,RoboKiller: Spam Call Blocker,https://is5-ssl.mzstatic.com/image/thumb/Purple118/v4/cf/3a/e9/cf3ae997-6b55-4968-544d-f811a1b8369f/AppIcon-0-1x_U007emarketing-0-0-GLES2_U002c0-512MB-sRGB-0-0-0-85-220-0-0-0-7.png/200x200bb.png,https://itunes.apple.com/us/app/robokiller-spam-call-blocker/id1022831885?mt=8,TelTech Systems,https://itunes.apple.com/us/developer/teltech-systems/id326264295?mt=8,326264295,"[""Utilities""]","[""6002""]",9/8/2015
591560124,,,Musi - Simple Music Streaming,https://is3-ssl.mzstatic.com/image/thumb/Purple128/v4/92/2f/84/922f846f-bc65-d0d0-3d0a-670ea2bc3d4d/Icon-0-1x_U007emarketing-0-0-GLES2_U002c0-512MB-sRGB-0-0-0-85-220-0-0-0-6.png/200x200bb.png,https://itunes.apple.com/us/app/musi-simple-music-streaming/id591560124?mt=8,Musi Inc.,https://itunes.apple.com/us/developer/musi-inc/id591560127?mt=8,591560127,"[""Music"",""Entertainment""]","[""6011"",""6016""]",1/11/2013
392796698,,,GroupMe,https://is5-ssl.mzstatic.com/image/thumb/Purple118/v4/8d/5d/d3/8d5dd31d-50b3-35ab-fe45-1947eaf4733e/AppIcon-0-1x_U007emarketing-0-0-85-220-0-6.png/200x200bb.png,https://itunes.apple.com/us/app/groupme/id392796698?mt=8,Skype Communications S.a.r.l,https://itunes.apple.com/us/developer/skype-communications-s-a-r-l/id304219585?mt=8,304219585,"[""Social Networking"",""Lifestyle""]","[""6005"",""6012""]",9/25/2010
651510680,,,Trivia Crack,https://is4-ssl.mzstatic.com/image/thumb/Purple118/v4/cc/31/a2/cc31a2d7-cd2e-c8d6-5feb-1bbecc19c958/AppIcon-0-1x_U007emarketing-0-0-GLES2_U002c0-512MB-sRGB-0-0-0-85-220-0-0-0-6.png/200x200bb.png,https://itunes.apple.com/us/app/trivia-crack/id651510680?mt=8,Etermax,https://itunes.apple.com/us/developer/etermax/id286461525?mt=8,286461525,"[""Games"",""Family"",""Entertainment"",""Trivia""]","[""6014"",""7009"",""6016"",""7018""]",10/26/2013
543186831,,,8 Ball Pool™,https://is4-ssl.mzstatic.com/image/thumb/Purple118/v4/60/46/22/60462246-b2e8-95d5-3ac2-876ea0c3c651/AppIcon-1x_U007emarketing-85-220-6.png/200x200bb.png,https://itunes.apple.com/us/app/8-ball-pool/id543186831?mt=8,Miniclip.com,https://itunes.apple.com/us/developer/miniclip-com/id337457683?mt=8,337457683,"[""Games"",""Entertainment"",""Sports"",""Simulation""]","[""6014"",""6016"",""7016"",""7015""]",2/27/2013
842849113,,,Google Sheets,https://is3-ssl.mzstatic.com/image/thumb/Purple128/v4/8f/81/84/8f8184b3-4ab6-9a09-b0b5-e7de4d3660cb/AppIcon-1x_U007emarketing-0-0-GLES2_U002c0-512MB-sRGB-0-0-0-85-220-0-0-0-5.png/200x200bb.png,https://itunes.apple.com/us/app/google-sheets/id842849113?mt=8,Google LLC,https://itunes.apple.com/us/developer/google-llc/id281956209?mt=8,281956209,"[""Productivity"",""Business""]","[""6007"",""6000""]",4/30/2014
309735670,,,Indeed Job Search,https://is4-ssl.mzstatic.com/image/thumb/Purple118/v4/7f/2a/26/7f2a26b4-8bf4-d9a9-448a-2fd2faadeecb/AppIcon-0-1x_U007emarketing-0-0-GLES2_U002c0-512MB-sRGB-0-0-0-85-220-0-0-0-7.png/200x200bb.png,https://itunes.apple.com/us/app/indeed-job-search/id309735670?mt=8,Indeed Inc.,https://itunes.apple.com/us/developer/indeed-inc/id309735673?mt=8,309735673,"[""Business"",""Utilities""]","[""6000"",""6002""]",6/8/2009
384830320,,,"Find My Family, Friends, Phone",https://is3-ssl.mzstatic.com/image/thumb/Purple118/v4/f8/dd/f9/f8ddf993-0595-849e-5d10-1952eaf891dc/AppIcon-1x_U007emarketing-0-0-GLES2_U002c0-512MB-sRGB-0-0-0-85-220-0-0-0-6.png/200x200bb.png,https://itunes.apple.com/us/app/find-my-family-friends-phone/id384830320?mt=8,Life360,https://itunes.apple.com/us/developer/life360/id309681604?mt=8,309681604,"[""Social Networking"",""Lifestyle""]","[""6005"",""6012""]",8/10/2010
522826277,,,Remind: School Communication,https://is3-ssl.mzstatic.com/image/thumb/Purple128/v4/66/5d/35/665d35d2-7d69-e442-025c-f800fa90c401/AppIcon-0-1x_U007emarketing-0-0-85-220-0-6.png/200x200bb.png,https://itunes.apple.com/us/app/remind-school-communication/id522826277?mt=8,remind101,https://itunes.apple.com/us/developer/remind101/id522826280?mt=8,522826280,"[""Education"",""Social Networking""]","[""6017"",""6005""]",5/3/2012
1364996866,,,Boomoji - Your 3D Avatar,https://is4-ssl.mzstatic.com/image/thumb/Purple118/v4/0e/35/88/0e35884d-c787-d666-2171-38609b58463a/AppIcon-1x_U007emarketing-0-0-GLES2_U002c0-512MB-sRGB-0-0-0-85-220-0-0-0-6.png/200x200bb.png,https://itunes.apple.com/us/app/boomoji-your-3d-avatar/id1364996866?mt=8,"Nixi Technology Co.,Ltd.",https://itunes.apple.com/us/developer/nixi-technology-co-ltd/id1042913641?mt=8,1042913641,"[""Social Networking"",""Utilities""]","[""6005"",""6002""]",4/27/2018
1176027022,,,Toon Blast,https://is2-ssl.mzstatic.com/image/thumb/Purple128/v4/92/18/92/921892fe-fd29-d395-f0ff-02fe880e7f98/AppIcon-1x_U007emarketing-0-85-220-0-8.png/200x200bb.png,https://itunes.apple.com/us/app/toon-blast/id1176027022?mt=8,Peak Games,https://itunes.apple.com/us/developer/peak-games/id476160947?mt=8,476160947,"[""Games"",""Arcade"",""Puzzle""]","[""6014"",""7003"",""7012""]",8/15/2017
946659216,,,Best VPN Proxy Betternet,https://is2-ssl.mzstatic.com/image/thumb/Purple128/v4/91/39/e9/9139e956-8378-432b-8bb9-6a947d207da3/AppIcon-1x_U007emarketing-85-220-0-6.png/200x200bb.png,https://itunes.apple.com/us/app/best-vpn-proxy-betternet/id946659216?mt=8,Betternet Technologies Inc.,https://itunes.apple.com/us/developer/betternet-technologies-inc/id975476381?mt=8,975476381,"[""Productivity"",""Business""]","[""6007"",""6000""]",12/17/2014
986339882,,,letgo: Buy & Sell Used Stuff,https://is4-ssl.mzstatic.com/image/thumb/Purple128/v4/e5/72/d6/e572d6d6-0077-d07f-b3f3-02da8e61bbb1/AppIcon-0-1x_U007emarketing-0-85-220-0-7.png/200x200bb.png,https://itunes.apple.com/us/app/letgo-buy-sell-used-stuff/id986339882?mt=8,Ambatana Holdings B.V.,https://itunes.apple.com/us/developer/ambatana-holdings-b-v/id986339881?mt=8,986339881,"[""Shopping"",""Lifestyle""]","[""6024"",""6012""]",5/10/2015
352683833,,,Groupon,https://is1-ssl.mzstatic.com/image/thumb/Purple128/v4/f1/b1/3f/f1b13f97-bcf1-2ffc-02b8-67057dbca15b/AppIcon-0-1x_U007emarketing-0-0-GLES2_U002c0-512MB-sRGB-0-0-0-85-220-0-0-0-5.png/200x200bb.png,https://itunes.apple.com/us/app/groupon/id352683833?mt=8,"Groupon, Inc.",https://itunes.apple.com/us/developer/groupon-inc/id350020099?mt=8,350020099,"[""Shopping"",""Food & Drink""]","[""6024"",""6023""]",2/27/2010
488818252,,,Chick-fil-A,https://is4-ssl.mzstatic.com/image/thumb/Purple118/v4/fb/b4/8b/fbb48bde-c972-c96a-42fa-60f7dc10bcd0/app-icon-0-1x_U007emarketing-0-0-GLES2_U002c0-512MB-sRGB-0-0-0-85-220-0-0-0-6.png/200x200bb.png,https://itunes.apple.com/us/app/chick-fil-a/id488818252?mt=8,"Chick-fil-A, Inc.",https://itunes.apple.com/us/developer/chick-fil-a-inc/id529598543?mt=8,529598543,"[""Food & Drink"",""Lifestyle""]","[""6023"",""6012""]",12/16/2011
1389111413,,,Hole.io,https://is3-ssl.mzstatic.com/image/thumb/Purple118/v4/bc/f1/32/bcf13266-74c1-b65c-c7f6-c2104f5263a9/AppIcon-0-1x_U007emarketing-0-85-220-0-7.png/200x200bb.png,https://itunes.apple.com/us/app/hole-io/id1389111413?mt=8,Voodoo,https://itunes.apple.com/us/developer/voodoo/id714804730?mt=8,714804730,"[""Games"",""Arcade"",""Sports""]","[""6014"",""7003"",""7016""]",6/24/2018
1370293473,,,VPN - Super Unlimited Proxy,https://is4-ssl.mzstatic.com/image/thumb/Purple118/v4/3f/38/0a/3f380a5a-3f65-4b48-6163-5eccdf30e91a/AppIcon-1x_U007emarketing-85-220-0-9.png/200x200bb.png,https://itunes.apple.com/us/app/vpn-super-unlimited-proxy/id1370293473?mt=8,Mobile Jump,https://itunes.apple.com/us/developer/mobile-jump/id1282216561?mt=8,1282216561,"[""Productivity"",""Reference""]","[""6007"",""6006""]",5/15/2018
284910350,,,Yelp: Local Food & Services,https://is4-ssl.mzstatic.com/image/thumb/Purple118/v4/73/bd/f2/73bdf2fb-588b-1e71-c377-6378d6255885/AppIcon-0-1x_U007emarketing-0-0-GLES2_U002c0-512MB-sRGB-0-0-0-85-220-0-0-0-7.png/200x200bb.png,https://itunes.apple.com/us/app/yelp-local-food-services/id284910350?mt=8,Yelp,https://itunes.apple.com/us/developer/yelp/id284910353?mt=8,284910353,"[""Travel"",""Food & Drink""]","[""6003"",""6023""]",7/11/2008
886445756,,,Tubi - Watch Movies & TV Shows,https://is1-ssl.mzstatic.com/image/thumb/Purple118/v4/77/5b/09/775b094f-aeb2-fa2f-d9f4-aab4221656b3/AppIcon-0-1x_U007emarketing-0-0-GLES2_U002c0-512MB-sRGB-0-0-0-85-220-0-0-0-7.png/200x200bb.png,https://itunes.apple.com/us/app/tubi-watch-movies-tv-shows/id886445756?mt=8,"adRise, Inc",https://itunes.apple.com/us/developer/adrise-inc/id492046858?mt=8,492046858,"[""Entertainment"",""Lifestyle""]","[""6016"",""6012""]",7/24/2014
510855668,,,Amazon Music,https://is3-ssl.mzstatic.com/image/thumb/Purple128/v4/14/fe/ad/14fead70-2ef7-23cf-71e1-312aa378ffd5/AppIcon-0-1x_U007emarketing-0-0-GLES2_U002c0-512MB-sRGB-0-0-0-85-220-0-0-0-10.png/200x200bb.png,https://itunes.apple.com/us/app/amazon-music/id510855668?mt=8,AMZN Mobile LLC,https://itunes.apple.com/us/developer/amzn-mobile-llc/id297606954?mt=8,297606954,"[""Music"",""Entertainment""]","[""6011"",""6016""]",6/12/2012
1383187127,,,Ball Blast,https://is5-ssl.mzstatic.com/image/thumb/Purple128/v4/08/1c/1f/081c1f64-3703-d300-1728-6fc0be266cd2/AppIcon-0-1x_U007emarketing-0-85-220-0-7.png/200x200bb.png,https://itunes.apple.com/us/app/ball-blast/id1383187127?mt=8,Voodoo,https://itunes.apple.com/us/developer/voodoo/id714804730?mt=8,714804730,"[""Games"",""Action"",""Arcade""]","[""6014"",""7001"",""7003""]",5/28/2018
1434562378,,,Flippy Race,https://is4-ssl.mzstatic.com/image/thumb/Purple128/v4/73/d5/03/73d5033f-6c7d-f2f4-a1ae-3546d93f79d9/AppIcon-0-1x_U007emarketing-0-85-220-7.png/200x200bb.png,https://itunes.apple.com/us/app/flippy-race/id1434562378?mt=8,Ketchapp,https://itunes.apple.com/us/developer/ketchapp/id528065807?mt=8,528065807,"[""Games"",""Entertainment"",""Racing"",""Arcade""]","[""6014"",""6016"",""7013"",""7003""]",11/27/2018
431946152,,,Roblox,https://is1-ssl.mzstatic.com/image/thumb/Purple118/v4/e2/96/ae/e296ae56-2f1a-1f0a-f78a-01b7978adbea/AppIcon-1x_U007emarketing-85-220-6.png/200x200bb.png,https://itunes.apple.com/us/app/roblox/id431946152?mt=8,Roblox Corporation,https://itunes.apple.com/us/developer/roblox-corporation/id431946155?mt=8,431946155,"[""Games"",""Adventure"",""Entertainment"",""Action""]","[""6014"",""7002"",""6016"",""7001""]",5/26/2011
1413942319,,,Word Stacks,https://is4-ssl.mzstatic.com/image/thumb/Purple128/v4/07/10/3b/07103b14-7b86-62a3-0c48-a74fec39c1ac/AppIcon-0-1x_U007emarketing-0-85-220-0-7.png/200x200bb.png,https://itunes.apple.com/us/app/word-stacks/id1413942319?mt=8,"PeopleFun, Inc.",https://itunes.apple.com/us/developer/peoplefun-inc/id517840947?mt=8,517840947,"[""Games"",""Puzzle"",""Word"",""Entertainment""]","[""6014"",""7012"",""7019"",""6016""]",10/4/2018
1027688889,,,Piano Tiles 2™,https://is4-ssl.mzstatic.com/image/thumb/Purple128/v4/b3/f4/34/b3f434f4-7b3f-8038-0e05-1329525c4433/AppIcon-1x_U007emarketing-85-220-6.png/200x200bb.png,https://itunes.apple.com/us/app/piano-tiles-2/id1027688889?mt=8,Cheetah Technology Corporation Limited,https://itunes.apple.com/us/developer/cheetah-technology-corporation-limited/id949821679?mt=8,949821679,"[""Games"",""Arcade"",""Music"",""Music""]","[""6014"",""7003"",""6011"",""7011""]",8/19/2015
1342468799,,,Color Road!,https://is4-ssl.mzstatic.com/image/thumb/Purple128/v4/01/e0/c2/01e0c261-742a-7159-a1e3-df436d908200/AppIcon-0-1x_U007emarketing-0-85-220-0-7.png/200x200bb.png,https://itunes.apple.com/us/app/color-road/id1342468799?mt=8,Voodoo,https://itunes.apple.com/us/developer/voodoo/id714804730?mt=8,714804730,"[""Games"",""Arcade"",""Racing""]","[""6014"",""7003"",""7013""]",2/1/2018
577586159,,,Yahoo Mail - Stay Organized,https://is5-ssl.mzstatic.com/image/thumb/Purple128/v4/05/69/8f/05698feb-f39b-e72b-c629-15b7ee409265/AppIcon-0-1x_U007emarketing-0-0-GLES2_U002c0-512MB-sRGB-0-0-0-85-220-0-0-0-7.png/200x200bb.png,https://itunes.apple.com/us/app/yahoo-mail-stay-organized/id577586159?mt=8,Yahoo,https://itunes.apple.com/us/developer/yahoo/id281970157?mt=8,281970157,"[""Productivity"",""Utilities""]","[""6007"",""6002""]",12/11/2012
1424533120,,,Trivia Crack 2,https://is4-ssl.mzstatic.com/image/thumb/Purple128/v4/31/98/ce/3198ce18-d667-efa5-66f0-a4c65c8fc8fe/AppIcon-1x_U007emarketing-85-220-0-8.png/200x200bb.png,https://itunes.apple.com/us/app/trivia-crack-2/id1424533120?mt=8,Etermax,https://itunes.apple.com/us/developer/etermax/id286461525?mt=8,286461525,"[""Games"",""Family"",""Trivia"",""Entertainment""]","[""6014"",""7009"",""7018"",""6016""]",10/23/2018
512939461,,,Subway Surfers,https://is3-ssl.mzstatic.com/image/thumb/Purple128/v4/25/47/a0/2547a08b-d6f3-abda-b719-c96664f92883/AppIcon-1x_U007emarketing-0-85-220-0-5.png/200x200bb.png,https://itunes.apple.com/us/app/subway-surfers/id512939461?mt=8,Kiloo,https://itunes.apple.com/us/developer/kiloo/id330629809?mt=8,330629809,"[""Games"",""Entertainment"",""Action"",""Arcade""]","[""6014"",""6016"",""7001"",""7003""]",5/24/2012
519817714,,,Credit Karma,https://is2-ssl.mzstatic.com/image/thumb/Purple128/v4/fb/08/43/fb0843f4-5d05-35ff-e0f2-e2aca940cd4b/AppIcon-0-1x_U007emarketing-0-0-GLES2_U002c0-512MB-sRGB-0-0-0-85-220-0-0-0-5.png/200x200bb.png,https://itunes.apple.com/us/app/credit-karma/id519817714?mt=8,"Credit Karma, Inc.",https://itunes.apple.com/us/developer/credit-karma-inc/id519816000?mt=8,519816000,"[""Finance"",""Productivity""]","[""6015"",""6007""]",7/18/2012
1388806292,,,I'm Ping Pong King :),https://is4-ssl.mzstatic.com/image/thumb/Purple128/v4/a1/f2/f0/a1f2f0c8-357a-3398-68c7-f6b0c5e164da/AppIcon-1x_U007emarketing-85-220-6.png/200x200bb.png,https://itunes.apple.com/us/app/im-ping-pong-king/id1388806292?mt=8,Orangenose Studios,https://itunes.apple.com/us/developer/orangenose-studios/id484852242?mt=8,484852242,"[""Games"",""Sports"",""Action"",""Entertainment""]","[""6014"",""7016"",""7001"",""6016""]",6/30/2018
1337578317,,,My Talking Tom 2,https://is5-ssl.mzstatic.com/image/thumb/Purple118/v4/7a/ea/eb/7aeaeb3b-1465-a56e-fc21-dc33c6f50381/AppIcon-1x_U007emarketing-85-220-6.png/200x200bb.png,https://itunes.apple.com/us/app/my-talking-tom-2/id1337578317?mt=8,Outfit7 Limited,https://itunes.apple.com/us/developer/outfit7-limited/id351110111?mt=8,351110111,"[""Games"",""Simulation"",""Role Playing"",""Entertainment""]","[""6014"",""7015"",""7014"",""6016""]",11/6/2018
1223471316,,,Arrive - Package Tracker,https://is4-ssl.mzstatic.com/image/thumb/Purple118/v4/3a/e3/f4/3ae3f454-3cfd-88db-4a23-5a860912f1da/AppIcon-0-1x_U007emarketing-0-0-GLES2_U002c0-512MB-sRGB-0-0-0-85-220-0-0-0-5.png/200x200bb.png,https://itunes.apple.com/us/app/arrive-package-tracker/id1223471316?mt=8,Shopify Inc.,https://itunes.apple.com/us/developer/shopify-inc/id371294475?mt=8,371294475,"[""Shopping"",""Utilities""]","[""6024"",""6002""]",11/16/2017
482066631,,,Roku,https://is1-ssl.mzstatic.com/image/thumb/Purple128/v4/7f/ad/71/7fad7135-bf4e-9555-9472-36ea6c6a3751/AppIcon-0-1x_U007emarketing-0-0-85-220-9.png/200x200bb.png,https://itunes.apple.com/us/app/roku/id482066631?mt=8,ROKU INC,https://itunes.apple.com/us/developer/roku-inc/id482066634?mt=8,482066634,"[""Entertainment"",""Utilities""]","[""6016"",""6002""]",12/15/2011
288429040,,,LinkedIn,https://is4-ssl.mzstatic.com/image/thumb/Purple118/v4/dd/a6/a3/dda6a3db-ff8c-a498-bbf5-6264543c15c6/AppIcon-0-1x_U007emarketing-0-0-GLES2_U002c0-512MB-sRGB-0-0-0-85-220-0-0-0-6.png/200x200bb.png,https://itunes.apple.com/us/app/linkedin/id288429040?mt=8,LinkedIn Corporation,https://itunes.apple.com/us/developer/linkedin-corporation/id288429043?mt=8,288429043,"[""Social Networking"",""Business""]","[""6005"",""6000""]",8/20/2008
1118878857,,,Fun Run 3: Arena Running Game,https://is2-ssl.mzstatic.com/image/thumb/Purple118/v4/c1/6b/9f/c16b9f33-df3b-d2f0-588d-c8bc0a221452/AppIcon-0-1x_U007emarketing-0-85-220-9.png/200x200bb.png,https://itunes.apple.com/us/app/fun-run-3-arena-running-game/id1118878857?mt=8,Dirtybit,https://itunes.apple.com/us/developer/dirtybit/id484858667?mt=8,484858667,"[""Games"",""Sports"",""Racing"",""Action""]","[""6014"",""6004"",""7013"",""7001""]",11/30/2016
1096918571,,,Google Duo - Video Calling,https://is1-ssl.mzstatic.com/image/thumb/Purple128/v4/6f/37/db/6f37db28-097e-e5f6-4e8c-0f60c336f9dd/logo_duo_color-1x_U007emarketing-85-220-0-5.png/200x200bb.png,https://itunes.apple.com/us/app/google-duo-video-calling/id1096918571?mt=8,Google LLC,https://itunes.apple.com/us/developer/google-llc/id281956209?mt=8,281956209,"[""Social Networking""]","[""6005""]",9/2/2016
298867247,,,Chase Mobile®,https://is3-ssl.mzstatic.com/image/thumb/Purple128/v4/11/1e/a3/111ea37d-6f80-9be6-d427-9fb63fbf88f0/ChaseAppIcons-1x_U007emarketing-0-0-GLES2_U002c0-512MB-sRGB-0-0-0-85-220-0-0-0-4.jpeg/200x200bb.png,https://itunes.apple.com/us/app/chase-mobile/id298867247?mt=8,JPMorgan Chase & Co.,https://itunes.apple.com/us/developer/jpmorgan-chase-co/id298867250?mt=8,298867250,"[""Finance"",""Productivity""]","[""6015"",""6007""]",12/15/2008
500003565,,,Ticketmaster,https://is1-ssl.mzstatic.com/image/thumb/Purple128/v4/fa/99/87/fa9987a9-b3a8-0b5f-6970-b5390119b2f1/AppIcon-1x_U007emarketing-0-0-GLES2_U002c0-512MB-sRGB-0-0-0-85-220-0-0-0-6.png/200x200bb.png,https://itunes.apple.com/us/app/ticketmaster/id500003565?mt=8,Ticketmaster,https://itunes.apple.com/us/developer/ticketmaster/id500003568?mt=8,500003568,"[""Entertainment"",""Music""]","[""6016"",""6011""]",2/23/2012
1095459556,,,Nike,https://is4-ssl.mzstatic.com/image/thumb/Purple118/v4/24/b1/f5/24b1f502-7e6b-b79b-0ef8-b7ae40ed5373/AppIcon-0-1x_U007emarketing-0-0-GLES2_U002c0-512MB-sRGB-0-0-0-85-220-0-0-0-5.png/200x200bb.png,https://itunes.apple.com/us/app/nike/id1095459556?mt=8,"Nike, Inc",https://itunes.apple.com/us/developer/nike-inc/id301521406?mt=8,301521406,"[""Shopping"",""Sports""]","[""6024"",""6004""]",8/2/2016
930574573,,,Sniper 3D Assassin: Gun Games,https://is2-ssl.mzstatic.com/image/thumb/Purple118/v4/73/2f/87/732f8798-fc55-4dac-8bf5-df4efecab468/AppIcon-1x_U007emarketing-85-220-8.png/200x200bb.png,https://itunes.apple.com/us/app/sniper-3d-assassin-gun-games/id930574573?mt=8,Fun Games For Free,https://itunes.apple.com/us/developer/fun-games-for-free/id618574061?mt=8,618574061,"[""Games"",""Action"",""Arcade"",""Entertainment""]","[""6014"",""7001"",""7003"",""6016""]",11/10/2014
880047117,,,Angry Birds 2,https://is2-ssl.mzstatic.com/image/thumb/Purple128/v4/12/5d/fc/125dfc1c-1a84-b3c0-9c85-eb1199b8fc30/AppIcon-1x_U007emarketing-85-220-0-8.png/200x200bb.png,https://itunes.apple.com/us/app/angry-birds-2/id880047117?mt=8,Rovio Entertainment Oyj,https://itunes.apple.com/us/developer/rovio-entertainment-oyj/id298910979?mt=8,298910979,"[""Games"",""Puzzle"",""Action""]","[""6014"",""7012"",""7001""]",7/30/2015
407558537,,,Capital One Mobile,https://is2-ssl.mzstatic.com/image/thumb/Purple118/v4/cf/3e/84/cf3e84d4-a4a1-efae-6a7b-2f418a69846b/AppIcon-1x_U007emarketing-0-0-GLES2_U002c0-512MB-sRGB-0-0-0-85-220-0-0-0-6.png/200x200bb.png,https://itunes.apple.com/us/app/capital-one-mobile/id407558537?mt=8,Capital One,https://itunes.apple.com/us/developer/capital-one/id339644101?mt=8,339644101,"[""Finance""]","[""6015""]",12/13/2010
570060128,,,Duolingo,https://is3-ssl.mzstatic.com/image/thumb/Purple118/v4/e8/08/0b/e8080b53-913c-1c2f-47be-106ad2a6fc52/AppIcon-0-1x_U007emarketing-0-0-GLES2_U002c0-512MB-sRGB-0-0-0-85-220-0-0-0-9.png/200x200bb.png,https://itunes.apple.com/us/app/duolingo/id570060128?mt=8,Duolingo,https://itunes.apple.com/us/developer/duolingo/id570060151?mt=8,570060151,"[""Education"",""Social Networking""]","[""6017"",""6005""]",11/13/2012
1064216828,,,Reddit: Trending News,https://is2-ssl.mzstatic.com/image/thumb/Purple128/v4/16/92/bc/1692bc41-2589-9c5e-e224-01ebbf9ed597/AppIcon-0-1x_U007emarketing-0-0-GLES2_U002c0-512MB-sRGB-0-0-0-85-220-0-0-0-7.png/200x200bb.png,https://itunes.apple.com/us/app/reddit-trending-news/id1064216828?mt=8,reddit,https://itunes.apple.com/us/developer/reddit/id808295587?mt=8,808295587,"[""News"",""Social Networking""]","[""6009"",""6005""]",4/7/2016
985746746,,,Discord,https://is4-ssl.mzstatic.com/image/thumb/Purple118/v4/3c/bd/c3/3cbdc389-c007-aa38-b5f2-10c857322053/AppIcon-0-1x_U007emarketing-0-0-85-220-0-7.png/200x200bb.png,https://itunes.apple.com/us/app/discord/id985746746?mt=8,"Discord, Inc.",https://itunes.apple.com/us/developer/discord-inc/id658886503?mt=8,658886503,"[""Social Networking"",""Games""]","[""6005"",""6014""]",5/21/2015
284847138,,,Bank of America Mobile Banking,https://is2-ssl.mzstatic.com/image/thumb/Purple128/v4/4a/b4/7d/4ab47d7b-180f-8ab0-09b4-2dc528964fe3/AppIcon-1x_U007emarketing-85-220-0-4.png/200x200bb.png,https://itunes.apple.com/us/app/bank-of-america-mobile-banking/id284847138?mt=8,Bank of America,https://itunes.apple.com/us/developer/bank-of-america/id284847141?mt=8,284847141,"[""Finance"",""Business""]","[""6015"",""6000""]",7/11/2008
416023011,,,My Verizon,https://is4-ssl.mzstatic.com/image/thumb/Purple128/v4/13/66/92/1366925c-2206-fb91-f2ca-1690d280099d/AppIcon-0-1x_U007emarketing-0-0-GLES2_U002c0-512MB-sRGB-0-0-0-85-220-0-0-0-7.png/200x200bb.png,https://itunes.apple.com/us/app/my-verizon/id416023011?mt=8,Verizon Wireless,https://itunes.apple.com/us/developer/verizon-wireless/id411772703?mt=8,411772703,"[""Utilities"",""Productivity""]","[""6002"",""6007""]",2/3/2011
443369807,,,HotspotShield VPN & Wifi Proxy,https://is5-ssl.mzstatic.com/image/thumb/Purple128/v4/47/a1/8a/47a18a12-d1b0-adba-c127-2a524ac05b3d/AppIcon-1x_U007emarketing-85-220-0-6.png/200x200bb.png,https://itunes.apple.com/us/app/hotspotshield-vpn-wifi-proxy/id443369807?mt=8,AnchorFree Inc.,https://itunes.apple.com/us/developer/anchorfree-inc/id309076084?mt=8,309076084,"[""Productivity"",""Utilities""]","[""6007"",""6002""]",10/29/2011
1407852246,,,Happy Color – Color by Number,https://is1-ssl.mzstatic.com/image/thumb/Purple118/v4/ce/32/8e/ce328e4f-0023-c57f-d5bf-6633da7a8512/AppIcon-1x_U007emarketing-85-220-0-8.png/200x200bb.png,https://itunes.apple.com/us/app/happy-color-color-by-number/id1407852246?mt=8,X-Flow,https://itunes.apple.com/us/developer/x-flow/id1404509981?mt=8,1404509981,"[""Games"",""Board"",""Puzzle"",""Entertainment""]","[""6014"",""7004"",""7012"",""6016""]",7/29/2018
571800810,,,Calm,https://is1-ssl.mzstatic.com/image/thumb/Purple118/v4/f6/9b/80/f69b80f7-e2b4-ad8f-6601-7f0abeb5e38e/AppIcon-0-1x_U007emarketing-0-0-85-220-0-10.png/200x200bb.png,https://itunes.apple.com/us/app/calm/id571800810?mt=8,Calm.com,https://itunes.apple.com/us/developer/calm-com/id571800813?mt=8,571800813,"[""Health & Fitness"",""Lifestyle""]","[""6013"",""6012""]",2/22/2013
911130812,,,Nike SNKRS,https://is1-ssl.mzstatic.com/image/thumb/Purple128/v4/82/0f/2a/820f2a7b-01db-6e47-a967-3d0a9c568b25/SNKRS-AppIcon-0-1x_U007emarketing-0-0-GLES2_U002c0-512MB-sRGB-0-0-0-85-220-0-0-0-10.png/200x200bb.png,https://itunes.apple.com/us/app/nike-snkrs/id911130812?mt=8,"Nike, Inc",https://itunes.apple.com/us/developer/nike-inc/id301521406?mt=8,301521406,"[""Shopping"",""Lifestyle""]","[""6024"",""6012""]",2/12/2015
1023782170,,,Infinite Word Search Puzzles,https://is4-ssl.mzstatic.com/image/thumb/Purple118/v4/d4/75/c6/d475c6a8-75dd-0c26-d377-efb9e1397a10/AppIcon-0-1x_U007emarketing-0-85-220-0-10.png/200x200bb.png,https://itunes.apple.com/us/app/infinite-word-search-puzzles/id1023782170?mt=8,"Conversion, LLC",https://itunes.apple.com/us/developer/conversion-llc/id660564801?mt=8,660564801,"[""Games"",""Word"",""Trivia""]","[""6014"",""7019"",""7018""]",8/14/2015
379693831,,,Audible audiobooks & originals,https://is2-ssl.mzstatic.com/image/thumb/Purple118/v4/fb/04/e5/fb04e5c2-9d87-059d-ad13-21a674515b43/AppIcon-0-1x_U007emarketing-0-0-GLES2_U002c0-512MB-sRGB-0-0-0-85-220-0-0-0-6.png/200x200bb.png,https://itunes.apple.com/us/app/audible-audiobooks-originals/id379693831?mt=8,"Audible, Inc.",https://itunes.apple.com/us/developer/audible-inc/id379693834?mt=8,379693834,"[""Books"",""Entertainment""]","[""6018"",""6016""]",7/10/2010
926252661,,,Ring - Always Home,https://is1-ssl.mzstatic.com/image/thumb/Purple118/v4/b6/52/e7/b652e79f-9405-971d-dd2a-b07c021cbcfe/AppIcon-NH-1x_U007emarketing-85-220-0-9.png/200x200bb.png,https://itunes.apple.com/us/app/ring-always-home/id926252661?mt=8,Ring.com,https://itunes.apple.com/us/developer/ring-com/id926252660?mt=8,926252660,"[""Utilities""]","[""6002""]",11/19/2014
460177396,,,Twitch: Live Game Streaming,https://is1-ssl.mzstatic.com/image/thumb/Purple128/v4/d8/63/b4/d863b4fd-92c1-6577-c02a-14af8c84886a/TwitchAppIcon-0-1x_U007emarketing-0-0-GLES2_U002c0-512MB-sRGB-0-0-0-85-220-0-0-0-7.png/200x200bb.png,https://itunes.apple.com/us/app/twitch-live-game-streaming/id460177396?mt=8,"Twitch Interactive, Inc.",https://itunes.apple.com/us/developer/twitch-interactive-inc/id358612219?mt=8,358612219,"[""Photo & Video"",""Social Networking""]","[""6008"",""6005""]",10/26/2011
491730359,,,The CW,https://is3-ssl.mzstatic.com/image/thumb/Purple118/v4/78/79/bf/7879bf40-a868-6422-4f0a-f4f5f2385591/AppIcon-0-1x_U007emarketing-0-0-GLES2_U002c0-512MB-sRGB-0-0-0-85-220-0-0-0-7.png/200x200bb.png,https://itunes.apple.com/us/app/the-cw/id491730359?mt=8,The CW Network,https://itunes.apple.com/us/developer/the-cw-network/id490222213?mt=8,490222213,"[""Entertainment"",""Utilities""]","[""6016"",""6002""]",3/14/2012
1144258115,,,The Sims™ Mobile,https://is2-ssl.mzstatic.com/image/thumb/Purple118/v4/52/ee/5d/52ee5db1-6664-08e3-4024-2e217fc79d52/AppIcon-1x_U007emarketing-85-220-0-5.png/200x200bb.png,https://itunes.apple.com/us/app/the-sims-mobile/id1144258115?mt=8,Electronic Arts,https://itunes.apple.com/us/developer/electronic-arts/id284800461?mt=8,284800461,"[""Games"",""Simulation""]","[""6014"",""7015""]",3/6/2018
1423608757,,,Pen Run,https://is2-ssl.mzstatic.com/image/thumb/Purple118/v4/8d/f5/e4/8df5e4aa-419d-a7f1-338c-62a7c94ed293/AppIcon-0-1x_U007emarketing-0-85-220-7.png/200x200bb.png,https://itunes.apple.com/us/app/pen-run/id1423608757?mt=8,Ketchapp,https://itunes.apple.com/us/developer/ketchapp/id528065807?mt=8,528065807,"[""Games"",""Arcade"",""Action"",""Entertainment""]","[""6014"",""7003"",""7001"",""6016""]",8/19/2018
462638897,,,Fitbit,https://is1-ssl.mzstatic.com/image/thumb/Purple128/v4/03/5e/14/035e14e8-73e1-f647-ccb6-edb62d551f4f/AppIcon-1x_U007emarketing-0-0-GLES2_U002c0-512MB-sRGB-0-0-0-85-220-0-0-0-5.png/200x200bb.png,https://itunes.apple.com/us/app/fitbit/id462638897?mt=8,"Fitbit, Inc.",https://itunes.apple.com/us/developer/fitbit-inc/id462638900?mt=8,462638900,"[""Health & Fitness"",""Lifestyle""]","[""6013"",""6012""]",10/18/2011
884009993,,,Lomotif - Music Video Editor,https://is3-ssl.mzstatic.com/image/thumb/Purple128/v4/b9/6f/40/b96f40ae-120d-efc8-305e-91f568784215/AppIcon-0-1x_U007emarketing-0-0-85-220-0-7.png/200x200bb.png,https://itunes.apple.com/us/app/lomotif-music-video-editor/id884009993?mt=8,Lomotif Private Limited,https://itunes.apple.com/us/developer/lomotif-private-limited/id884009996?mt=8,884009996,"[""Photo & Video"",""Social Networking""]","[""6008"",""6005""]",6/22/2014
1363863879,,,Merge Plane - Best Idle Game,https://is4-ssl.mzstatic.com/image/thumb/Purple118/v4/2c/7c/39/2c7c39ee-aff1-e645-7f85-fdf7aa4745fa/mzl.degdcjpc.png/200x200bb.png,https://itunes.apple.com/us/app/merge-plane-best-idle-game/id1363863879?mt=8,Gaga Games,https://itunes.apple.com/us/developer/gaga-games/id1383682084?mt=8,1383682084,"[""Games""]","[""6014""]",3/30/2018
284993459,,,Shazam,https://is3-ssl.mzstatic.com/image/thumb/Purple128/v4/85/35/5b/85355b6e-529e-3a52-1c14-dbcfa0756ef7/AppIcon-0-1x_U007emarketing-0-0-GLES2_U002c0-512MB-sRGB-0-0-0-85-220-0-0-0-7.png/200x200bb.png,https://itunes.apple.com/us/app/shazam/id284993459?mt=8,Shazam Entertainment Ltd.,https://itunes.apple.com/us/developer/shazam-entertainment-ltd/id284993479?mt=8,284993479,"[""Music"",""Entertainment""]","[""6011"",""6016""]",7/11/2008
586447913,,,Microsoft Word,https://is5-ssl.mzstatic.com/image/thumb/Purple128/v4/20/38/d9/2038d999-4bf6-37c6-6e96-de06d5cf2738/AppIcon-0-1x_U007emarketing-0-0-GLES2_U002c0-512MB-sRGB-0-0-0-85-220-0-0-0-6.png/200x200bb.png,https://itunes.apple.com/us/app/microsoft-word/id586447913?mt=8,Microsoft Corporation,https://itunes.apple.com/us/developer/microsoft-corporation/id298856275?mt=8,298856275,"[""Productivity""]","[""6007""]",3/27/2014
290638154,,,iHeartRadio,https://is3-ssl.mzstatic.com/image/thumb/Purple128/v4/b1/63/26/b1632619-d61b-44ef-917f-33b44600cc6e/AppIcon-1x_U007emarketing-0-0-GLES2_U002c0-512MB-sRGB-0-0-0-85-220-0-0-0-5.png/200x200bb.png,https://itunes.apple.com/us/app/iheartradio/id290638154?mt=8,"iHeartMedia Management Services, Inc.",https://itunes.apple.com/us/developer/iheartmedia-management-services-inc/id290638157?mt=8,290638157,"[""Music"",""Entertainment""]","[""6011"",""6016""]",10/7/2008
546473125,,,Quizlet,https://is1-ssl.mzstatic.com/image/thumb/Purple118/v4/d4/17/f1/d417f12d-d31d-310b-eb5f-597697ff12a4/AppIcon-production-0-1x_U007emarketing-0-0-GLES2_U002c0-512MB-sRGB-0-0-0-85-220-0-0-0-7.png/200x200bb.png,https://itunes.apple.com/us/app/quizlet/id546473125?mt=8,Quizlet Inc,https://itunes.apple.com/us/developer/quizlet-inc/id546473128?mt=8,546473128,"[""Education"",""Games"",""Word""]","[""6017"",""6014"",""7019""]",8/9/2012
1131203560,,,Kahoot! Play & Create Quizzes,https://is1-ssl.mzstatic.com/image/thumb/Purple128/v4/a9/8a/08/a98a086b-eb04-2928-79fd-ed4791f6ff08/AppIcon-0-1x_U007emarketing-0-0-85-220-0-6.png/200x200bb.png,https://itunes.apple.com/us/app/kahoot-play-create-quizzes/id1131203560?mt=8,Kahoot! AS,https://itunes.apple.com/us/developer/kahoot-as/id1131203559?mt=8,1131203559,"[""Education"",""Trivia"",""Games""]","[""6017"",""7018"",""6014""]",9/20/2016
436491861,,,Domino's Pizza USA,https://is3-ssl.mzstatic.com/image/thumb/Purple118/v4/ea/62/e8/ea62e8e9-1b3b-2716-6501-2d71f678a2a7/AppIcon-1x_U007emarketing-0-0-GLES2_U002c0-512MB-sRGB-0-0-0-85-220-0-0-0-5.png/200x200bb.png,https://itunes.apple.com/us/app/dominos-pizza-usa/id436491861?mt=8,Domino's Pizza LLC,https://itunes.apple.com/us/developer/dominos-pizza-llc/id436491865?mt=8,436491865,"[""Food & Drink"",""Lifestyle""]","[""6023"",""6012""]",6/8/2011
1098805023,,,Live Wallpapers Now,https://is2-ssl.mzstatic.com/image/thumb/Purple115/v4/b8/78/d3/b878d35a-ee2f-d902-61c6-e7a9b057db29/AppIcon-1x_U007emarketing-85-220-0-4.png/200x200bb.png,https://itunes.apple.com/us/app/live-wallpapers-now/id1098805023?mt=8,Zephyrmobile,https://itunes.apple.com/us/developer/zephyrmobile/id1305183034?mt=8,1305183034,"[""Lifestyle"",""Entertainment""]","[""6012"",""6016""]",4/14/2016
1189800250,,,TENKYU,https://is5-ssl.mzstatic.com/image/thumb/Purple128/v4/f0/ff/9e/f0ff9e73-051c-ca10-b313-a60c7c2b1c48/AppIcon-0-1x_U007emarketing-0-85-220-0-7.png/200x200bb.png,https://itunes.apple.com/us/app/tenkyu/id1189800250?mt=8,Voodoo,https://itunes.apple.com/us/developer/voodoo/id714804730?mt=8,714804730,"[""Games"",""Family"",""Arcade""]","[""6014"",""7009"",""7003""]",1/5/2017
310738695,,,Zillow: Houses For Sale & Rent,https://is4-ssl.mzstatic.com/image/thumb/Purple118/v4/56/fd/23/56fd23ee-875f-8718-c8b8-74ce831029fc/AppIcon-0-1x_U007emarketing-0-0-GLES2_U002c0-512MB-sRGB-0-0-0-85-220-0-0-0-6.png/200x200bb.png,https://itunes.apple.com/us/app/zillow-houses-for-sale-rent/id310738695?mt=8,Zillow.com,https://itunes.apple.com/us/developer/zillow-com/id310738698?mt=8,310738698,"[""Lifestyle"",""Reference""]","[""6012"",""6006""]",4/29/2009
1260755201,,,Zelle,https://is4-ssl.mzstatic.com/image/thumb/Purple128/v4/92/10/3d/92103dc2-2205-e248-aa84-1eac9ac04a69/AppIcon-1x_U007emarketing-0-0-GLES2_U002c0-512MB-sRGB-0-0-0-85-220-0-0-0-4.png/200x200bb.png,https://itunes.apple.com/us/app/zelle/id1260755201?mt=8,"Early Warning Services, LLC",https://itunes.apple.com/us/developer/early-warning-services-llc/id1260755200?mt=8,1260755200,"[""Finance""]","[""6015""]",9/12/2017
448639966,,,Pic Collage - Collage Maker,https://is3-ssl.mzstatic.com/image/thumb/Purple128/v4/fa/c9/cc/fac9cc53-54cd-be5a-97fe-ab82c29d718e/AppIcon-0-1x_U007emarketing-0-0-GLES2_U002c0-512MB-sRGB-0-0-0-85-220-0-0-0-7.png/200x200bb.png,https://itunes.apple.com/us/app/pic-collage-collage-maker/id448639966?mt=8,Cardinal Blue,https://itunes.apple.com/us/developer/cardinal-blue/id381057842?mt=8,381057842,"[""Photo & Video"",""Education""]","[""6008"",""6017""]",7/13/2011
341232718,,,MyFitnessPal,https://is5-ssl.mzstatic.com/image/thumb/Purple128/v4/1c/7a/aa/1c7aaa76-54b0-eeac-e5bf-cd151ed2b45b/AppIcon-0-1x_U007emarketing-0-0-GLES2_U002c0-512MB-sRGB-0-0-0-85-220-0-0-0-7.png/200x200bb.png,https://itunes.apple.com/us/app/myfitnesspal/id341232718?mt=8,MyFitnessPal.com,https://itunes.apple.com/us/developer/myfitnesspal-com/id341232721?mt=8,341232721,"[""Health & Fitness"",""Lifestyle""]","[""6013"",""6012""]",12/8/2009
1288723196,,,Microsoft Edge,https://is5-ssl.mzstatic.com/image/thumb/Purple118/v4/c7/98/61/c79861af-06a2-af07-d9fb-ee766b6113e3/AppIcon-0-1x_U007emarketing-0-0-GLES2_U002c0-512MB-sRGB-0-0-0-85-220-0-0-0-10.png/200x200bb.png,https://itunes.apple.com/us/app/microsoft-edge/id1288723196?mt=8,Microsoft Corporation,https://itunes.apple.com/us/developer/microsoft-corporation/id298856275?mt=8,298856275,"[""Utilities"",""Productivity""]","[""6002"",""6007""]",11/30/2017
311548709,,,Wells Fargo Mobile,https://is3-ssl.mzstatic.com/image/thumb/Purple118/v4/2f/99/68/2f99689d-4624-d4ab-9ba3-9de90c90c10a/AppIcon-1x_U007emarketing-0-0-GLES2_U002c0-512MB-sRGB-0-0-0-85-220-0-0-0-1.png/200x200bb.png,https://itunes.apple.com/us/app/wells-fargo-mobile/id311548709?mt=8,Wells Fargo,https://itunes.apple.com/us/developer/wells-fargo/id311548712?mt=8,311548712,"[""Finance"",""Business""]","[""6015"",""6000""]",5/18/2009
643496868,,,Hangouts,https://is3-ssl.mzstatic.com/image/thumb/Purple128/v4/e7/92/8e/e7928ed5-cee7-0773-d951-ff25e0a5462a/mzl.gmrvywox.png/200x200bb.png,https://itunes.apple.com/us/app/hangouts/id643496868?mt=8,Google LLC,https://itunes.apple.com/us/developer/google-llc/id281956209?mt=8,281956209,"[""Social Networking""]","[""6005""]",5/15/2013
588013838,,,VSCO,https://is5-ssl.mzstatic.com/image/thumb/Purple118/v4/3a/28/61/3a286133-883b-1348-a2a5-736ce54fb45b/AppIcon-0-1x_U007emarketing-0-0-GLES2_U002c0-512MB-sRGB-0-0-0-85-220-0-0-0-6.png/200x200bb.png,https://itunes.apple.com/us/app/vsco/id588013838?mt=8,Visual Supply Company,https://itunes.apple.com/us/developer/visual-supply-company/id513526768?mt=8,513526768,"[""Photo & Video"",""Lifestyle""]","[""6008"",""6012""]",6/6/2013
401626263,,,Airbnb,https://is5-ssl.mzstatic.com/image/thumb/Purple118/v4/ee/52/4e/ee524e58-b52e-a00d-5093-e8a5097bdab7/AppIcon-0-1x_U007emarketing-0-0-GLES2_U002c0-512MB-sRGB-0-0-0-85-220-0-0-0-7.png/200x200bb.png,https://itunes.apple.com/us/app/airbnb/id401626263?mt=8,"Airbnb, Inc.",https://itunes.apple.com/us/developer/airbnb-inc/id401626266?mt=8,401626266,"[""Travel"",""Lifestyle""]","[""6003"",""6012""]",11/10/2010
1200318119,,,QR Code Reader ·,https://is4-ssl.mzstatic.com/image/thumb/Purple118/v4/18/6d/2a/186d2abb-601a-a149-5791-9c5c97106d9c/AppIcon-0-1x_U007emarketing-0-0-85-220-0-7.png/200x200bb.png,https://itunes.apple.com/us/app/qr-code-reader/id1200318119?mt=8,TinyLab,https://itunes.apple.com/us/developer/tinylab/id1332467352?mt=8,1332467352,"[""Utilities"",""Shopping""]","[""6002"",""6024""]",2/8/2017
331975235,,,Adobe Photoshop Express,https://is3-ssl.mzstatic.com/image/thumb/Purple118/v4/22/7f/ba/227fbaa5-cd50-b832-41b0-a35304e7e1ea/AppIcon-1x_U007emarketing-0-0-GLES2_U002c0-512MB-sRGB-0-0-0-85-220-0-0-0-5.png/200x200bb.png,https://itunes.apple.com/us/app/adobe-photoshop-express/id331975235?mt=8,Adobe,https://itunes.apple.com/us/developer/adobe/id331646274?mt=8,331646274,"[""Photo & Video"",""Social Networking""]","[""6008"",""6005""]",10/9/2009
282935706,,,Bible,https://is5-ssl.mzstatic.com/image/thumb/Purple118/v4/72/36/b7/7236b726-12b2-3a41-0489-7add7d7c5593/AppIcon-0-1x_U007emarketing-0-0-GLES2_U002c0-512MB-sRGB-0-0-0-85-220-0-0-0-9.png/200x200bb.png,https://itunes.apple.com/us/app/bible/id282935706?mt=8,Life.Church,https://itunes.apple.com/us/developer/life-church/id282935709?mt=8,282935709,"[""Reference"",""Books""]","[""6006"",""6018""]",7/11/2008
836767708,,,Wayfair – Shop All Things Home,https://is2-ssl.mzstatic.com/image/thumb/Purple118/v4/2a/65/20/2a6520fb-810f-fd96-3931-a4ef1d3375c3/AppIcon-Wayfair-0-1x_U007emarketing-0-0-GLES2_U002c0-512MB-sRGB-0-0-0-85-220-0-0-0-6.png/200x200bb.png,https://itunes.apple.com/us/app/wayfair-shop-all-things-home/id836767708?mt=8,Wayfair LLC,https://itunes.apple.com/us/developer/wayfair-llc/id525522335?mt=8,525522335,"[""Shopping"",""Lifestyle""]","[""6024"",""6012""]",3/30/2014
1123930673,,,Word Search Pro‧,https://is5-ssl.mzstatic.com/image/thumb/Purple128/v4/f6/1b/a7/f61ba7ad-90e6-432c-2216-0249c11fb0bd/AppIcon-1x_U007emarketing-85-220-0-8.png/200x200bb.png,https://itunes.apple.com/us/app/word-search-pro/id1123930673?mt=8,Word Puzzle Games,https://itunes.apple.com/us/developer/word-puzzle-games/id1204059715?mt=8,1204059715,"[""Games"",""Word"",""Entertainment"",""Puzzle""]","[""6014"",""7019"",""6016"",""7012""]",6/29/2016
1367363988,,,Fashion Nova,https://is1-ssl.mzstatic.com/image/thumb/Purple128/v4/f9/a0/d6/f9a0d633-78e2-90d8-f27b-8048eefe3164/AppIcon-0-1x_U007emarketing-0-0-GLES2_U002c0-512MB-sRGB-0-0-0-85-220-0-0-0-10.png/200x200bb.png,https://itunes.apple.com/us/app/fashion-nova/id1367363988?mt=8,Fashion Nova Inc.,https://itunes.apple.com/us/developer/fashion-nova-inc/id1363591855?mt=8,1363591855,"[""Shopping"",""Lifestyle""]","[""6024"",""6012""]",5/11/2018
1014164514,,,Socratic Math & Homework Help,https://is5-ssl.mzstatic.com/image/thumb/Purple128/v4/1a/d2/b9/1ad2b970-b1a2-5e40-b4dd-c6655df4771b/AppIcon-1x_U007emarketing-85-220-0-5.png/200x200bb.png,https://itunes.apple.com/us/app/socratic-math-homework-help/id1014164514?mt=8,Socratic,https://itunes.apple.com/us/developer/socratic/id969678067?mt=8,969678067,"[""Education"",""Utilities""]","[""6017"",""6002""]",7/9/2015
912561374,,,Marco Polo Video Walkie Talkie,https://is5-ssl.mzstatic.com/image/thumb/Purple128/v4/de/10/0e/de100e83-35ba-04fb-0552-b42b0fd4fa2d/MarcoPoloIcon-0-1x_U007emarketing-0-0-GLES2_U002c0-512MB-sRGB-0-0-0-85-220-0-0-0-7.png/200x200bb.png,https://itunes.apple.com/us/app/marco-polo-video-walkie-talkie/id912561374?mt=8,Joya Communications,https://itunes.apple.com/us/developer/joya-communications/id530046419?mt=8,530046419,"[""Social Networking"",""Photo & Video""]","[""6005"",""6008""]",10/7/2014
587366035,,,PicsArt Photo Editor + Collage,https://is1-ssl.mzstatic.com/image/thumb/Purple128/v4/40/2d/c7/402dc766-add0-ccef-066b-ab629c228186/AppIcon-0-1x_U007emarketing-0-0-GLES2_U002c0-512MB-sRGB-0-0-0-85-220-0-0-0-7.png/200x200bb.png,https://itunes.apple.com/us/app/picsart-photo-editor-collage/id587366035?mt=8,"PicsArt, Inc.",https://itunes.apple.com/us/developer/picsart-inc/id587366038?mt=8,587366038,"[""Photo & Video"",""Social Networking""]","[""6008"",""6005""]",1/2/2013
930441707,,,Bumble - Meet New People,https://is3-ssl.mzstatic.com/image/thumb/Purple128/v4/89/09/48/8909480c-e66b-34bc-3c84-b43f844eea9e/AppIcon-0-1x_U007emarketing-0-0-GLES2_U002c0-512MB-sRGB-0-0-0-85-220-0-0-0-7.png/200x200bb.png,https://itunes.apple.com/us/app/bumble-meet-new-people/id930441707?mt=8,Bumble Holding Limited,https://itunes.apple.com/us/developer/bumble-holding-limited/id1120675060?mt=8,1120675060,"[""Lifestyle"",""Social Networking""]","[""6012"",""6005""]",11/19/2014
1038369065,,,Flo Period & Ovulation Tracker,https://is3-ssl.mzstatic.com/image/thumb/Purple118/v4/ad/bc/42/adbc42b3-f293-a93a-0b0b-13111c98284a/AppIcon-0-1x_U007emarketing-0-0-GLES2_U002c0-512MB-sRGB-0-0-0-85-220-0-0-0-5.png/200x200bb.png,https://itunes.apple.com/us/app/flo-period-ovulation-tracker/id1038369065?mt=8,"FLO HEALTH, INC.",https://itunes.apple.com/us/developer/flo-health-inc/id1149787531?mt=8,1149787531,"[""Health & Fitness"",""Medical""]","[""6013"",""6020""]",10/3/2015
736179781,,,Xbox,https://is1-ssl.mzstatic.com/image/thumb/Purple128/v4/36/9c/ca/369cca52-2669-8bf3-660b-1c2fe4daa42e/AppIcon-1x_U007emarketing-0-0-GLES2_U002c0-512MB-sRGB-0-0-0-85-220-0-0-0-8.png/200x200bb.png,https://itunes.apple.com/us/app/xbox/id736179781?mt=8,Microsoft Corporation,https://itunes.apple.com/us/developer/microsoft-corporation/id298856275?mt=8,298856275,"[""Entertainment"",""Games""]","[""6016"",""6014""]",11/19/2013
309172177,,,myAT&T,https://is3-ssl.mzstatic.com/image/thumb/Purple128/v4/c9/c4/89/c9c489e0-7f51-1641-a504-75555867e09c/AppIcon-0-1x_U007emarketing-0-0-GLES2_U002c0-512MB-sRGB-0-0-0-85-220-0-0-0-6.png/200x200bb.png,https://itunes.apple.com/us/app/myat-t/id309172177?mt=8,"AT&T Services, Inc.",https://itunes.apple.com/us/developer/at-t-services-inc/id290854684?mt=8,290854684,"[""Utilities"",""Productivity""]","[""6002"",""6007""]",5/1/2009
887947640,,,CSR Racing 2,https://is2-ssl.mzstatic.com/image/thumb/Purple118/v4/a1/0a/42/a10a423e-861f-cd54-b2b4-41c1b7804dcd/AppIcon-1x_U007emarketing-85-220-0-9.png/200x200bb.png,https://itunes.apple.com/us/app/csr-racing-2/id887947640?mt=8,NaturalMotion,https://itunes.apple.com/us/developer/naturalmotion/id330281898?mt=8,330281898,"[""Games"",""Entertainment"",""Racing"",""Arcade""]","[""6014"",""6016"",""7013"",""7003""]",6/29/2016
467329677,,,Mathway,https://is3-ssl.mzstatic.com/image/thumb/Purple118/v4/65/01/f8/6501f893-8dfa-4380-434d-5b9d3f77604b/mzl.gthgdonc.png/200x200bb.png,https://itunes.apple.com/us/app/mathway/id467329677?mt=8,"Mathway, LLC",https://itunes.apple.com/us/developer/mathway-llc/id467329680?mt=8,467329680,"[""Education"",""Utilities""]","[""6017"",""6002""]",9/4/2012
1250312807,,,X-VPN Unlimited VPN Proxy,https://is3-ssl.mzstatic.com/image/thumb/Purple128/v4/a9/3b/46/a93b46c1-186e-b786-4880-d97db5bf1b0c/AppIcon-1x_U007emarketing-85-220-6.png/200x200bb.png,https://itunes.apple.com/us/app/x-vpn-unlimited-vpn-proxy/id1250312807?mt=8,Free Connected Limited,https://itunes.apple.com/us/developer/free-connected-limited/id1259204543?mt=8,1259204543,"[""Productivity"",""Utilities""]","[""6007"",""6002""]",6/27/2017
1233739175,,,Snake VS Block,https://is5-ssl.mzstatic.com/image/thumb/Purple128/v4/cf/f6/4d/cff64d19-322a-f2f2-29c5-c05b55643b21/AppIcon-0-1x_U007emarketing-0-85-220-0-7.png/200x200bb.png,https://itunes.apple.com/us/app/snake-vs-block/id1233739175?mt=8,Voodoo,https://itunes.apple.com/us/developer/voodoo/id714804730?mt=8,714804730,"[""Games"",""Entertainment"",""Action"",""Arcade""]","[""6014"",""6016"",""7001"",""7003""]",5/16/2017
1094591345,,,Pokémon GO,https://is1-ssl.mzstatic.com/image/thumb/Purple118/v4/c3/7b/52/c37b52b1-955e-2701-ea86-c37d9127d869/AppIcon-1x_U007emarketing-0-0-GLES2_U002c0-512MB-sRGB-0-0-0-85-220-0-0-0-8.png/200x200bb.png,https://itunes.apple.com/us/app/pok%C3%A9mon-go/id1094591345?mt=8,"Niantic, Inc.",https://itunes.apple.com/us/developer/niantic-inc/id1037205060?mt=8,1037205060,"[""Games"",""Health & Fitness""]","[""6014"",""6013""]",7/7/2016
971023427,,,Sweatcoin - Sweat for Coins,https://is3-ssl.mzstatic.com/image/thumb/Purple128/v4/5d/62/f1/5d62f13c-3f6c-66f7-76f8-5f09f42b876f/AppIcon-1x_U007emarketing-0-0-GLES2_U002c0-512MB-sRGB-0-0-0-85-220-0-0-0-3.jpeg/200x200bb.png,https://itunes.apple.com/us/app/sweatcoin-sweat-for-coins/id971023427?mt=8,Sweatco Ltd,https://itunes.apple.com/us/developer/sweatco-ltd/id971023426?mt=8,971023426,"[""Health & Fitness"",""Finance""]","[""6013"",""6015""]",9/1/2016
546505307,,,ZOOM Cloud Meetings,https://is3-ssl.mzstatic.com/image/thumb/Purple128/v4/c3/ba/6c/c3ba6cdc-82c6-266e-8f75-3073d3f3c495/AppIcon-1x_U007emarketing-0-85-220-0-8.png/200x200bb.png,https://itunes.apple.com/us/app/zoom-cloud-meetings/id546505307?mt=8,Zoom,https://itunes.apple.com/us/developer/zoom/id530594111?mt=8,530594111,"[""Business"",""Productivity""]","[""6000"",""6007""]",8/15/2012
388497605,,,Google Authenticator,https://is4-ssl.mzstatic.com/image/thumb/Purple118/v4/27/29/be/2729becc-7377-7c2c-0af1-90548bfdd1c6/logo_authenticator_color-1x_U007emarketing-0-85-220-0-5.png/200x200bb.png,https://itunes.apple.com/us/app/google-authenticator/id388497605?mt=8,Google LLC,https://itunes.apple.com/us/developer/google-llc/id281956209?mt=8,281956209,"[""Utilities""]","[""6002""]",9/20/2010
1419954157,,,Axe Champ!,https://is2-ssl.mzstatic.com/image/thumb/Purple128/v4/bd/0b/d8/bd0bd8d0-c755-4093-b29b-d6fb6f95244f/AppIcon-0-1x_U007emarketing-0-85-220-7.png/200x200bb.png,https://itunes.apple.com/us/app/axe-champ/id1419954157?mt=8,ZPLAY,https://itunes.apple.com/us/developer/zplay/id531022725?mt=8,531022725,"[""Games"",""Arcade"",""Action""]","[""6014"",""7003"",""7001""]",8/27/2018
966758561,,,GOAT – Shop Sneakers,https://is1-ssl.mzstatic.com/image/thumb/Purple128/v4/b8/94/5b/b8945b8f-fd42-85a4-ee43-ff41cef171ea/AppIcon-0-1x_U007emarketing-0-0-GLES2_U002c0-512MB-sRGB-0-0-0-85-220-0-0-0-10.png/200x200bb.png,https://itunes.apple.com/us/app/goat-shop-sneakers/id966758561?mt=8,"1661, Inc.",https://itunes.apple.com/us/developer/1661-inc/id492155025?mt=8,492155025,"[""Shopping"",""Lifestyle""]","[""6024"",""6012""]",4/16/2015
1354452189,,,Rise Up,https://is2-ssl.mzstatic.com/image/thumb/Purple118/v4/1b/2f/e6/1b2fe6d4-bebb-7d5e-45ad-bc0166dd6bfd/AppIcon-0-1x_U007emarketing-0-85-220-9.png/200x200bb.png,https://itunes.apple.com/us/app/rise-up/id1354452189?mt=8,Serkan Ozyilmaz,https://itunes.apple.com/us/developer/serkan-ozyilmaz/id1354452188?mt=8,1354452188,"[""Games"",""Arcade"",""Adventure""]","[""6014"",""7003"",""7002""]",3/20/2018
444553167,,,ADP Mobile Solutions,https://is3-ssl.mzstatic.com/image/thumb/Purple118/v4/88/0a/2c/880a2cda-0060-d322-17ea-1b1c2b18ec58/AppIcon-0-1x_U007emarketing-0-0-GLES2_U002c0-512MB-sRGB-0-0-0-85-220-0-0-0-9.png/200x200bb.png,https://itunes.apple.com/us/app/adp-mobile-solutions/id444553167?mt=8,"ADP, Inc",https://itunes.apple.com/us/developer/adp-inc/id363884520?mt=8,363884520,"[""Business"",""Finance""]","[""6000"",""6015""]",7/13/2011
1132762804,,,News Break: Local & Breaking,https://is5-ssl.mzstatic.com/image/thumb/Purple128/v4/b5/23/50/b52350f2-d97f-48e5-d37b-ad2505556824/AppIconNewsBreak-0-1x_U007emarketing-0-0-85-220-0-10.png/200x200bb.png,https://itunes.apple.com/us/app/news-break-local-breaking/id1132762804?mt=8,Particle Media Inc.,https://itunes.apple.com/us/developer/particle-media-inc/id1013476412?mt=8,1013476412,"[""News"",""Weather""]","[""6009"",""6001""]",7/15/2016
1165924249,,,Monkey,https://is4-ssl.mzstatic.com/image/thumb/Purple118/v4/2d/93/dc/2d93dc08-7122-2f2c-7320-46caa8af473e/AppIcon-0-1x_U007emarketing-0-0-85-220-0-8.png/200x200bb.png,https://itunes.apple.com/us/app/monkey/id1165924249?mt=8,Eric Tao,https://itunes.apple.com/us/developer/eric-tao/id825801471?mt=8,825801471,"[""Social Networking"",""Photo & Video""]","[""6005"",""6008""]",11/29/2016
510461758,,,Bike Race: Free Style Games,https://is2-ssl.mzstatic.com/image/thumb/Purple118/v4/de/cf/d9/decfd94f-fcb9-6444-b566-f07fad4c7b0a/AppIcon-1x_U007emarketing-85-220-6.png/200x200bb.png,https://itunes.apple.com/us/app/bike-race-free-style-games/id510461758?mt=8,Top Free Games,https://itunes.apple.com/us/developer/top-free-games/id429363358?mt=8,429363358,"[""Games"",""Action"",""Racing""]","[""6014"",""7001"",""7013""]",3/23/2012
295646461,,,Weather: The Weather Channel,https://is1-ssl.mzstatic.com/image/thumb/Purple128/v4/e8/54/da/e854da30-fcb4-d307-111f-93e55936ad76/AppIcon-0-1x_U007emarketing-0-0-GLES2_U002c0-512MB-sRGB-0-0-0-85-220-0-0-0-7.png/200x200bb.png,https://itunes.apple.com/us/app/weather-the-weather-channel/id295646461?mt=8,The Weather Channel Interactive,https://itunes.apple.com/us/developer/the-weather-channel-interactive/id295646464?mt=8,295646464,"[""Weather"",""Lifestyle""]","[""6001"",""6012""]",11/9/2008
967351793,,,Layout from Instagram,https://is5-ssl.mzstatic.com/image/thumb/Purple118/v4/c0/7b/6b/c07b6bc2-4fb7-3d47-d07a-e88f6abdd925/AppIcon-1x_U007emarketing-85-220-3.png/200x200bb.png,https://itunes.apple.com/us/app/layout-from-instagram/id967351793?mt=8,"Instagram, Inc.",https://itunes.apple.com/us/developer/instagram-inc/id389801255?mt=8,389801255,"[""Photo & Video""]","[""6008""]",3/23/2015
302584613,,,Amazon Kindle,https://is4-ssl.mzstatic.com/image/thumb/Purple128/v4/d5/81/36/d5813636-c380-923e-86cf-6ff537142b50/AppIcon-1x_U007emarketing-0-0-GLES2_U002c0-512MB-sRGB-0-0-0-85-220-0-0-0-5.png/200x200bb.png,https://itunes.apple.com/us/app/amazon-kindle/id302584613?mt=8,AMZN Mobile LLC,https://itunes.apple.com/us/developer/amzn-mobile-llc/id297606954?mt=8,297606954,"[""Books""]","[""6018""]",3/4/2009
529479190,,,Clash of Clans,https://is3-ssl.mzstatic.com/image/thumb/Purple118/v4/ee/51/e9/ee51e9bc-ccb7-617d-571d-eeabb9ef9b09/AppIcon-0-1x_U007emarketing-0-85-220-6.png/200x200bb.png,https://itunes.apple.com/us/app/clash-of-clans/id529479190?mt=8,Supercell,https://itunes.apple.com/us/developer/supercell/id488106216?mt=8,488106216,"[""Games"",""Action"",""Entertainment"",""Strategy""]","[""6014"",""7001"",""6016"",""7017""]",8/2/2012
525790167,,,Fuel Rewards® program,https://is2-ssl.mzstatic.com/image/thumb/Purple118/v4/bd/54/cf/bd54cf06-b55e-8f93-fc5e-08352fbfa5bb/AppIcon-1x_U007emarketing-0-85-220-0-3.png/200x200bb.png,https://itunes.apple.com/us/app/fuel-rewards-program/id525790167?mt=8,Excentus,https://itunes.apple.com/us/developer/excentus/id525790670?mt=8,525790670,"[""Shopping"",""Lifestyle""]","[""6024"",""6012""]",7/25/2012
909319292,,,Google Calendar: Time Planner,https://is2-ssl.mzstatic.com/image/thumb/Purple128/v4/f7/7d/7a/f77d7a9a-1c02-5a48-c98a-95fd883aae98/logo_calendar_color-1x_U007emarketing-0-0-GLES2_U002c0-512MB-sRGB-0-0-0-85-220-0-0-0-5.png/200x200bb.png,https://itunes.apple.com/us/app/google-calendar-time-planner/id909319292?mt=8,Google LLC,https://itunes.apple.com/us/developer/google-llc/id281956209?mt=8,281956209,"[""Productivity""]","[""6007""]",3/10/2015
1146465836,,,Hill Climb Racing 2,https://is3-ssl.mzstatic.com/image/thumb/Purple128/v4/7d/92/3f/7d923fbe-16f6-3c4c-4c24-b1ddd6fe9d8f/AppIcon-1x_U007emarketing-85-220-7.png/200x200bb.png,https://itunes.apple.com/us/app/hill-climb-racing-2/id1146465836?mt=8,Fingersoft,https://itunes.apple.com/us/developer/fingersoft/id514034278?mt=8,514034278,"[""Games"",""Entertainment"",""Arcade"",""Racing""]","[""6014"",""6016"",""7003"",""7013""]",12/7/2016
553834731,,,Candy Crush Saga,https://is4-ssl.mzstatic.com/image/thumb/Purple118/v4/12/ff/6e/12ff6ea3-238c-1d00-e6fd-5fda524f0261/AppIcon-1x_U007emarketing-85-220-6.png/200x200bb.png,https://itunes.apple.com/us/app/candy-crush-saga/id553834731?mt=8,King,https://itunes.apple.com/us/developer/king/id526656015?mt=8,526656015,"[""Games"",""Entertainment"",""Puzzle"",""Arcade""]","[""6014"",""6016"",""7012"",""7003""]",11/14/2012
1216575026,,,Matchington Mansion,https://is4-ssl.mzstatic.com/image/thumb/Purple128/v4/63/8a/af/638aaf6b-46b9-9380-269f-3734fff05066/AppIcon-0-1x_U007emarketing-0-85-220-0-9.png/200x200bb.png,https://itunes.apple.com/us/app/matchington-mansion/id1216575026?mt=8,Firecraft Studios Ltd.,https://itunes.apple.com/us/developer/firecraft-studios-ltd/id1399403555?mt=8,1399403555,"[""Games"",""Puzzle"",""Family""]","[""6014"",""7012"",""7009""]",10/11/2017
472014516,,,Kohl's,https://is4-ssl.mzstatic.com/image/thumb/Purple128/v4/09/f4/dd/09f4dd81-869d-e620-dddf-4a62c5f8b861/AppIcon-HolidayGreen-1x_U007emarketing-P3-85-220-0-4.png/200x200bb.png,https://itunes.apple.com/us/app/kohls/id472014516?mt=8,Kohl’s,https://itunes.apple.com/us/developer/kohls/id404514312?mt=8,404514312,"[""Shopping"",""Lifestyle""]","[""6024"",""6012""]",10/28/2011
